	DLT0#LOT08	DLT0#LOT05	DLT0#LOT03	DLT0#LOT07	DLT0#LOT06	DLT0#LOT01	DLT0#LOT04	DLT0#LOT10	MVT0#LOT05	MVT0#LOT01	MVT0#LOT06	MVT0#LOT07	MVT0#LOT03	MVT0#LOT09	MVT0#LOT08	MVT0#LOT10	BHT0#LOT01	BHT0#LOT07	BHT0#LOT06	BHT0#LOT03	BHT0#LOT10	BHT0#LOT05	BHT0#LOT04	BHT0#LOT08	VHT0#LOT02	VHT0#LOT10	VHT0#LOT03	VHT0#LOT01	VHT0#LOT08	VHT0#LOT06	VHT0#LOT07	VHT0#LOT04	SFT0#LOT08	SFT0#LOT07	SFT0#LOT06	SFT0#LOT03	SFT0#LOT02	SFT0#LOT05	SFT0#LOT04	SFT0#LOT01	FST0#LOT07	FST0#LOT08	FST0#LOT05	FST0#LOT06	FST0#LOT01	FST0#LOT03	FST0#LOT10	FST0#LOT02	FCT0#LOT06	FCT0#LOT10	FCT0#LOT05	FCT0#LOT03	FCT0#LOT08	FCT0#LOT02	FCT0#LOT07	FCT0#LOT01	CDT0#LOT10	CDT0#LOT08	CDT0#LOT05	CDT0#LOT04	CDT0#LOT06	CDT0#LOT09	CDT0#LOT07	CDT0#LOT02
otu_00601	0	0	0	0	0	0	0	0	0	0	0	0	0	0	0	0	0	0	0	0	0	0	0	0	0	0	0	0	0	0	0	0	0	0	0	0	0	0	0	0	0	0	0	0	0	0	0	0	0	0	0	31	0	0	14	0	0	0	0	0	0	0	0	4
otu_01717	0	0	0	0	0	0	0	0	0	0	0	0	0	0	0	0	0	0	0	0	0	0	0	0	0	0	0	0	0	0	0	0	0	0	0	0	0	0	0	0	0	0	0	0	0	0	0	0	0	0	0	0	0	0	0	0	0	0	10	55	0	4	37	5
otu_01852	0	0	0	0	0	0	0	0	0	0	0	0	0	0	0	0	0	0	0	0	0	0	0	0	0	0	0	0	0	0	0	0	0	0	0	0	0	0	0	0	0	0	0	0	0	0	0	0	0	0	0	0	0	0	0	0	0	0	75	40	0	3	3	7
otu_00241	0	0	0	0	0	0	0	0	0	0	0	0	0	0	0	0	0	0	0	0	0	0	0	0	0	0	0	0	0	0	0	0	0	0	0	0	0	0	0	0	0	0	0	0	0	0	0	0	0	0	0	0	0	0	0	0	2	6	50	0	2	0	28	13
otu_00521	0	0	0	0	0	0	0	0	0	0	0	0	0	0	0	0	0	0	0	0	0	0	0	0	0	0	0	0	0	0	0	0	0	0	0	13	0	0	0	0	0	0	0	4	0	0	0	0	0	0	0	0	0	0	4	0	2	0	0	3	2	0	0	0
otu_01860	0	0	0	0	0	0	0	0	0	0	0	0	0	0	0	0	0	0	0	0	0	0	0	0	0	0	0	0	0	0	0	0	0	0	0	0	0	0	0	0	0	0	0	0	0	0	0	0	0	0	0	0	0	0	0	0	0	29	0	3	302	2	6	3
otu_00632	0	0	0	0	0	0	0	0	0	0	0	0	0	0	0	0	0	0	0	0	0	0	0	0	0	0	0	0	0	0	0	0	0	0	0	0	0	0	0	0	0	0	0	0	0	0	0	0	0	0	0	0	0	0	0	0	0	0	24	91	2	6	7	23
otu_01659	0	0	0	0	0	0	0	0	0	0	0	0	0	0	0	0	0	0	0	0	0	0	0	0	0	0	0	0	0	0	0	0	0	0	0	0	0	0	0	0	0	0	0	0	0	0	0	0	0	0	0	0	0	0	0	0	2	4	58	29	0	4	7	7
otu_01685	0	0	0	0	0	0	0	0	0	0	0	0	0	0	0	0	0	0	0	0	0	0	0	0	0	0	0	0	0	0	0	0	0	0	0	0	0	0	0	0	0	0	0	0	0	0	0	0	0	0	0	0	0	0	0	0	0	0	31	29	8	2	11	43
otu_01851	0	0	0	0	0	0	0	0	0	0	0	0	0	0	0	0	0	0	0	0	0	0	0	0	0	0	0	0	0	0	0	0	0	0	0	0	0	0	0	0	0	0	0	0	0	0	0	0	0	0	0	0	0	0	0	0	0	0	129	71	6	3	12	26
otu_01902	0	0	0	0	0	0	0	0	0	0	0	0	0	0	0	0	0	0	0	0	0	0	0	0	0	0	0	0	0	0	0	0	0	0	0	0	0	0	0	0	0	0	0	0	0	0	0	0	0	0	0	0	0	0	0	0	0	0	679	345	48	4	34	95
otu_01701	0	0	0	0	0	0	0	0	0	0	0	0	0	0	0	0	0	0	0	0	0	0	0	0	0	0	0	0	0	0	0	0	0	0	0	0	0	0	0	0	0	0	0	0	0	0	0	0	0	0	0	0	0	0	0	0	0	0	38	80	2	3	3	71
otu_01713	0	0	0	0	0	0	0	0	0	0	0	0	0	0	0	0	0	0	0	0	0	0	7	0	0	0	0	0	0	0	0	0	0	0	0	0	0	0	0	0	0	0	0	0	0	0	0	0	0	0	0	0	0	0	0	0	0	22	58	3	9	13	0	0
otu_00607	0	0	0	0	0	0	0	0	0	0	10	0	0	0	0	0	0	0	0	0	0	0	0	0	0	0	0	0	0	0	0	0	0	0	0	0	0	0	0	0	0	0	0	0	0	0	0	0	0	0	0	0	0	0	0	0	3	77	3	4	0	6	0	0
otu_01816	0	0	5	0	0	0	0	0	0	0	0	0	0	0	0	0	0	0	0	0	0	0	0	0	0	0	0	2	0	2	0	0	0	0	0	0	0	0	0	0	0	0	0	0	0	0	0	0	0	0	0	0	0	0	0	0	0	0	0	27	13	5	3	0
otu_00516	0	0	0	0	0	0	0	0	0	0	0	0	0	0	0	0	0	0	0	0	0	0	0	0	0	0	0	0	0	0	0	0	0	0	0	0	0	0	0	0	0	0	0	0	0	0	0	0	0	0	0	0	0	0	0	0	2	2	8	3	4	2	306	51
otu_01697	0	0	0	0	0	0	0	0	0	0	0	0	0	0	0	0	0	0	0	0	0	0	0	0	0	0	0	0	0	0	0	0	0	0	0	0	0	0	0	0	0	0	0	0	0	0	0	0	0	0	0	0	0	0	0	0	0	0	52	252	6	9	38	42
otu_01407	0	0	0	3	0	2	0	0	0	0	0	0	0	0	0	0	0	0	0	0	0	0	0	0	0	0	0	0	0	0	0	0	0	0	0	0	0	0	0	0	0	0	0	0	0	0	0	0	0	0	0	0	30	0	0	0	2	0	5	25	0	0	47	7
otu_01788	0	0	0	0	0	0	0	0	0	0	0	0	0	0	0	0	0	0	0	0	0	0	0	0	0	0	0	0	0	0	0	0	0	0	0	0	0	0	0	0	0	0	0	0	0	0	0	3	0	0	0	0	0	0	0	0	3	0	47	20	20	4	19	14
otu_01769	0	0	0	0	0	0	0	0	0	0	0	0	0	0	0	0	0	0	0	0	0	0	0	0	0	0	0	0	0	0	0	0	0	0	0	0	0	0	0	0	0	0	0	0	0	0	0	0	0	0	0	0	0	0	0	0	6	57	186	174	31	24	16	30
otu_01630	0	0	0	0	0	0	0	0	0	0	0	0	0	0	0	0	0	0	0	7	0	0	0	0	0	0	0	0	0	0	0	0	0	0	0	0	0	0	0	0	0	0	0	0	0	0	0	0	0	0	0	0	0	0	0	0	0	2	27	68	2	2	8	34
otu_01918	0	0	0	0	0	0	0	0	0	0	0	0	0	0	0	0	0	0	0	0	0	0	0	0	0	0	0	0	0	0	0	0	0	0	0	0	0	0	0	0	0	0	0	0	0	0	0	0	0	0	0	0	0	0	0	0	3382	498	1581	198	7421	162	2502	4578
otu_01894	0	0	0	0	0	0	0	0	0	0	0	0	0	0	0	0	0	0	0	0	0	0	0	0	0	0	0	0	0	0	0	0	0	0	0	0	0	0	0	0	0	0	0	0	0	0	0	0	0	0	0	0	0	0	0	0	2	424	2	5	42	15	5	13
otu_01857	0	0	0	0	0	0	0	0	0	0	0	0	0	0	0	0	0	3	0	0	0	0	0	0	0	0	0	0	0	0	0	0	0	0	0	0	0	0	0	0	0	0	0	0	0	0	0	0	0	0	0	0	0	0	0	0	2	0	168	57	3121	13	1274	187
otu_00618	0	0	8	0	7	0	0	0	0	0	0	0	0	0	0	0	0	0	0	0	0	0	0	0	0	0	0	7	0	0	0	0	0	0	0	0	0	0	0	0	0	0	0	0	0	0	0	0	0	0	0	0	11	0	8	0	0	8	44	37	0	0	15	25
otu_01495	0	0	0	0	4	0	0	0	0	0	0	0	0	0	0	0	0	0	0	0	0	0	0	0	0	0	0	0	0	0	0	0	0	0	0	0	0	0	0	0	0	0	0	0	0	0	0	0	0	0	0	0	0	0	0	0	2	32	9	14	2	2	27	33
otu_00396	0	0	0	0	10	29	0	0	0	0	0	0	0	0	0	0	0	0	0	0	0	0	0	0	0	0	0	0	0	0	0	0	0	0	0	0	0	0	0	0	0	9	0	0	0	0	0	4	0	0	0	3	0	3	0	8	0	0	13	5	0	2	0	3
otu_01706	0	0	0	0	0	0	0	0	0	0	0	0	0	0	0	0	0	0	0	0	0	0	0	0	0	0	0	0	0	0	0	0	0	0	0	0	0	0	0	0	0	6	0	0	0	0	0	0	0	0	0	0	0	0	0	0	2	5	68	74	3	9	11	9
otu_00605	12	0	0	0	0	62	0	0	0	0	0	0	0	0	0	0	0	0	0	0	0	0	0	0	0	0	0	0	0	0	0	0	0	0	0	0	0	0	0	0	0	0	0	0	0	0	0	0	0	0	6	4	0	0	0	0	2	2	2	0	0	3	5	0
otu_00608	2	0	0	0	0	0	0	0	0	0	0	0	0	0	0	0	0	0	0	0	0	0	0	0	0	0	0	0	0	0	0	0	0	0	0	0	0	0	0	0	0	0	0	0	0	0	0	0	0	0	0	0	0	0	0	0	3	69	2	4	2	10	3	4
otu_01663	0	0	0	0	0	0	0	0	0	0	0	0	0	0	0	0	0	0	0	0	0	0	0	0	0	0	0	3	10	0	0	0	0	0	0	0	0	0	0	0	0	0	0	0	0	0	0	0	0	0	0	0	0	0	0	0	7667	216	0	94	4	7248	4	0
otu_01768	0	0	0	0	0	0	0	0	6	0	0	0	0	0	0	0	0	3	0	0	0	0	0	0	0	0	0	0	0	0	0	0	0	0	0	0	0	0	0	0	22	0	0	0	0	0	0	0	0	0	0	0	0	0	0	0	39	0	89	688	86	69	515	3472
otu_01086	0	0	0	0	0	0	0	3	0	0	0	0	0	0	0	0	0	0	0	0	0	0	5	0	0	0	0	0	0	0	0	0	0	0	0	0	0	0	0	0	0	0	0	0	0	0	0	0	0	4	0	0	0	0	0	0	8	6	29	6	2	3	8	4
otu_01658	0	0	0	0	0	0	0	0	0	0	0	0	0	0	0	0	0	0	0	0	0	0	0	0	0	0	0	0	0	0	0	0	0	0	0	0	0	0	0	0	0	0	0	0	0	0	0	0	0	0	2	0	0	0	0	0	2	6	150	131	2	9	48	25
otu_00989	0	1	0	0	6	0	0	0	0	0	0	0	0	0	0	0	0	0	0	0	0	0	5	0	0	0	0	0	0	0	0	0	0	0	0	0	0	0	0	0	0	0	0	0	0	0	0	0	0	0	0	0	7	0	0	0	20	76	0	33	2	7	23	14
otu_01729	0	0	0	0	0	0	0	0	0	0	0	0	0	0	0	0	0	0	0	0	0	0	0	0	0	0	0	0	0	0	0	0	0	0	0	0	0	0	0	0	0	0	0	0	0	0	6	0	0	0	7	0	0	0	0	0	6	2	153	1387	81	15	184	113
otu_00061	0	0	0	0	0	0	0	0	4	0	0	0	8	0	0	0	0	0	0	0	0	0	0	0	0	0	4	0	0	0	0	0	0	0	0	0	0	0	0	0	0	0	0	0	0	4	0	0	0	0	0	0	0	3	0	0	2	0	215	0	2	0	0	3
otu_00634	0	72	4	0	0	0	5	0	0	0	0	0	0	0	0	0	0	0	0	0	0	0	0	0	0	0	0	0	0	0	0	0	0	0	0	0	0	0	0	0	0	0	0	0	0	0	0	0	16	0	0	0	0	3	10	3	6	43	25	169	0	0	125	66
otu_00919	0	0	2	0	2	0	2	0	0	0	0	0	0	0	0	0	0	0	0	3	0	0	5	0	0	0	0	0	0	0	0	0	0	0	0	0	0	0	0	0	0	0	0	0	0	0	0	0	0	0	0	0	0	7	0	0	2	13	9	17	4	3	22	5
otu_00966	2	0	2	0	0	4	0	0	0	0	0	0	0	0	0	0	0	0	0	0	0	0	0	0	0	0	0	0	0	0	0	0	0	0	0	0	0	0	0	0	0	0	0	0	0	0	0	0	0	0	0	0	15	0	0	0	12	3	2	43	0	13	25	11
otu_01393	0	0	0	0	2	0	0	0	0	0	0	0	6	0	0	0	0	0	0	0	0	0	0	0	0	0	0	0	0	0	0	0	0	0	0	0	0	0	0	0	13	0	0	0	0	0	5	0	2	0	3	0	0	0	10	0	5	6	33	86	2	2	268	79
otu_01652	2	0	0	0	0	0	0	0	0	0	0	0	0	0	0	0	0	0	6	0	0	0	0	0	0	0	0	0	0	0	0	0	0	0	0	0	0	0	0	2	0	0	5	0	0	0	0	4	0	0	0	0	0	0	0	0	2	10	7	30	4	15	11	3
otu_00969	0	0	6	0	0	7	0	11	0	0	0	24	0	0	0	0	0	0	0	0	0	0	0	0	0	0	0	2	0	0	3	0	0	0	0	0	0	0	0	0	0	17	6	0	0	0	0	0	0	0	0	0	0	0	0	0	2	2	96	3	2	3	0	0
otu_01791	0	10	0	0	0	4	2	0	10	6	10	0	0	0	0	0	0	0	0	0	0	0	0	0	0	0	0	6	0	0	0	0	0	0	0	0	0	0	0	0	0	0	0	0	0	0	0	0	2	0	0	0	0	0	0	0	2	50	5	219	0	0	5	0
otu_00238	0	4	3	3	3	68	0	29	0	0	0	0	0	0	0	0	0	0	0	0	0	0	0	0	0	0	0	11	0	2	0	3	0	0	0	0	0	0	0	0	0	0	0	5	0	0	0	0	0	7	0	0	0	0	0	0	2	30	241	0	4	0	45	43
otu_01075	0	10	0	0	2	13	0	6	0	0	15	0	0	0	0	0	0	0	0	5	0	2	0	0	0	0	0	0	0	0	0	0	0	0	0	0	0	0	0	0	0	0	0	0	0	0	0	0	0	0	0	0	0	0	0	0	2	6	43	123	3	2	9	3
otu_01712	3	0	0	3	0	0	0	0	0	0	0	0	0	0	0	0	0	0	0	0	0	0	20	0	0	0	4	2	0	5	3	0	0	0	0	0	0	0	0	0	0	0	0	0	0	0	5	4	130	0	0	0	5	0	10	0	0	52	4	7	0	11	4	3
otu_00519	3	14	0	9	8	0	26	16	0	0	0	0	0	0	0	0	0	0	0	0	0	0	0	0	0	0	37	7	4	0	0	6	0	0	0	0	0	0	0	0	0	0	0	0	0	0	0	0	0	0	0	0	0	0	0	3	0	570	92	29	5	4	1908	66
otu_01087	0	6	4	3	8	10	0	4	10	0	0	0	0	0	0	0	0	0	0	3	0	0	0	5	0	0	0	0	0	0	0	0	0	0	0	0	6	0	0	0	0	0	0	0	0	0	0	0	0	0	0	0	5	0	0	4	6	0	92	62	0	5	19	13
otu_01374	0	0	0	0	2	0	0	2	0	0	10	284	0	0	0	0	0	0	0	0	0	0	0	0	4	0	0	1048	0	0	0	0	0	0	0	0	0	0	0	0	0	0	0	0	6	0	0	0	0	0	0	0	0	0	0	7	3	3	47	20	2	3	4	5
otu_00602	13	0	2	12	15	10	0	23	0	0	0	0	0	0	0	0	0	0	0	0	0	0	0	0	0	0	0	0	0	5	0	0	0	0	0	0	0	0	0	0	0	0	0	0	0	0	0	0	0	0	2	4	4	0	0	3	2	20	16	8	0	6	20	11
otu_00604	6	0	0	0	0	120	0	0	0	0	20	0	8	0	0	0	0	0	0	0	0	0	0	0	0	0	0	0	0	0	5	0	0	0	0	0	0	0	0	0	0	0	0	0	0	0	0	0	0	0	33	9	8	0	0	0	6	47	16	13	8	32	30	4
otu_00233	4	0	8	0	3	31	0	0	0	0	0	0	0	0	0	0	0	0	0	5	0	3	3	0	0	0	0	2	0	0	0	14	0	0	0	0	0	0	0	0	0	0	0	0	0	0	0	0	2	9	0	0	0	0	0	0	0	8	12	6	2	2	12	10
otu_00960	0	0	0	4	4	3	0	6	0	0	0	0	0	0	0	0	0	15	0	5	0	0	3	0	0	0	0	0	0	0	0	0	0	0	0	0	0	0	0	0	0	0	7	7	0	0	10	3	0	0	0	0	0	0	0	0	0	4	9	15	2	0	3	3
otu_01723	0	15	0	7	2	13	2	0	0	0	0	0	0	0	0	0	0	0	0	0	0	0	0	5	0	0	0	0	0	0	0	0	0	0	0	0	0	0	0	0	50	0	0	0	3	0	0	14	0	0	0	0	4	6	0	0	2	3	41	16	2	2	5	0
otu_01080	0	3	0	7	0	0	0	0	0	6	0	62	0	32	0	0	0	0	0	0	0	4	0	0	0	0	0	0	0	0	0	4	0	0	0	0	0	0	0	0	0	0	3	0	3	0	0	11	0	0	4	2	0	0	0	0	2	0	70	52	2	3	3	0
otu_01330	0	0	0	7	24	26	7	4	0	0	0	20	0	0	0	0	0	0	0	0	0	0	0	0	0	0	0	0	0	0	0	0	0	0	0	0	0	0	0	0	13	0	4	0	6	0	12	3	0	0	0	0	0	0	0	3	0	3	7	11	0	2	5	13
otu_00223	3	0	0	0	0	7	2	4	0	0	0	0	0	0	0	0	0	0	0	3	3	0	0	0	0	0	4	2	0	2	0	3	0	0	0	0	0	0	0	0	0	0	0	0	0	0	0	0	3	0	0	0	8	6	7	0	0	33	22	3	2	4	15	9
otu_00722	8	28	4	0	2	0	15	44	0	0	0	0	0	0	0	0	0	0	0	0	0	0	0	5	0	2	0	10	3	0	3	14	0	0	0	0	0	0	0	0	0	0	0	0	0	0	0	0	2	0	4	0	0	0	0	0	2	11	4	26	2	8	7	3
otu_00656	8	15	29	35	23	24	6	88	0	0	0	0	0	0	0	0	0	0	0	0	0	0	0	0	0	0	15	2	0	4	0	0	0	0	0	0	0	1	0	0	0	0	0	0	0	0	0	3	0	0	0	0	39	0	0	0	2	1019	104	101	12	9	752	217
otu_01603	11	8	9	16	3	0	8	37	4	6	0	0	0	0	0	0	57	1699	3	10	48	113	12	18	0	25	0	14	0	5	4	3	1	0	0	0	0	0	0	0	0	6	0	0	0	0	0	0	0	0	0	0	4	0	0	0	87	625	27	188	7	191	8	10
otu_01095	0	0	0	0	0	0	0	0	0	0	0	0	0	0	0	0	0	0	0	0	0	0	0	0	0	0	0	0	0	0	0	0	0	0	0	9	6	49	0	0	0	0	0	0	0	0	0	0	0	0	0	0	0	0	0	0	0	0	0	0	0	0	0	0
otu_01626	0	0	0	0	0	0	0	0	0	0	0	0	0	0	0	0	0	0	0	0	0	0	0	0	0	0	0	0	0	0	0	0	1	0	19	175	0	0	0	0	0	0	0	0	0	0	0	0	0	0	0	0	0	0	0	0	0	0	0	0	0	0	0	0
otu_01827	0	0	0	0	0	0	0	0	0	0	0	0	0	0	0	0	0	0	0	0	0	0	0	0	0	0	0	0	0	0	0	0	1	7	51	13	0	40	0	2	0	0	0	0	0	0	0	0	0	0	0	0	0	0	0	4	0	0	0	0	0	0	0	0
otu_00770	0	0	0	0	0	0	0	0	0	6	0	0	0	0	0	0	0	0	0	0	0	0	0	0	0	0	0	0	0	0	0	0	0	7	0	13	6	1	5	2	0	0	0	0	0	0	0	0	0	0	0	0	0	0	0	0	0	0	0	0	0	0	0	0
otu_00568	0	0	0	0	0	0	0	0	0	0	0	0	0	0	0	0	0	0	0	3	0	0	0	0	0	0	0	0	0	0	0	0	1	7	0	9	0	0	0	2	0	0	0	0	0	0	0	0	0	0	0	0	0	0	0	0	0	0	0	0	0	0	0	0
otu_01091	0	0	0	0	0	0	0	0	0	0	0	0	0	0	0	0	0	0	0	0	0	0	0	0	0	0	0	0	0	0	0	0	2	7	2	33	15	232	5	2	0	0	0	0	0	0	0	0	0	4	0	0	0	0	0	0	0	0	0	0	0	0	0	0
otu_01094	0	0	0	0	0	0	0	0	0	0	0	0	0	0	0	0	0	0	0	0	0	0	0	0	0	0	0	0	0	0	0	0	4	0	2	0	0	22	5	4	0	0	0	0	3	0	0	0	0	0	0	0	0	0	0	0	0	0	0	0	0	0	0	0
otu_00583	0	0	3	0	0	4	0	0	0	0	0	0	0	0	0	0	0	3	0	0	0	0	0	0	0	0	0	0	0	0	0	0	0	0	0	33	6	0	5	8	0	0	3	0	0	4	0	3	0	0	0	0	0	0	0	0	0	0	0	0	0	0	0	0
otu_00177	0	0	0	0	0	0	0	0	0	0	0	0	0	0	0	0	0	0	0	0	0	0	0	0	0	0	0	0	0	0	0	0	11	623	99	49	50	3	24	25	0	0	0	0	0	0	0	0	0	0	0	0	8	7	0	3	0	0	0	0	0	0	0	0
otu_01537	0	0	0	0	0	11	0	28	0	0	0	0	0	0	0	0	0	0	0	0	0	0	0	3	0	0	0	0	0	0	0	0	2	24	10	21	15	1	5	4	25	0	4	0	7	0	0	3	0	0	0	0	0	0	0	0	0	0	0	0	0	0	0	0
otu_00676	0	1	0	3	2	0	2	0	0	0	0	0	0	0	0	0	0	0	0	0	0	0	0	0	0	0	0	0	0	0	0	0	3	67	14	25	18	1	5	6	0	0	0	0	3	0	0	3	0	0	0	0	0	0	0	0	0	2	18	3	0	0	0	0
otu_01612	0	8	4	0	2	0	2	0	0	9	10	0	0	95	0	0	0	0	0	0	0	0	0	0	0	0	0	2	0	0	0	0	4	31	36	41	30	0	5	6	0	0	0	0	0	0	0	0	0	0	0	0	0	0	0	0	0	6	0	46	0	3	0	0
otu_00783	0	0	0	0	0	0	0	0	14	32	20	54	268	95	23	4	0	0	0	0	0	0	0	0	0	0	0	0	0	0	0	0	2	31	8	74	65	0	13	4	0	0	0	0	0	0	0	0	0	4	4	0	7	3	8	0	0	0	0	0	0	0	0	0
otu_00188	3	2	0	3	4	4	12	25	0	0	10	0	0	0	0	0	0	0	0	0	0	0	0	0	0	0	0	9	0	0	3	5	4	17	20	37	18	1	0	4	0	0	0	0	0	0	0	0	0	13	5	27	0	0	0	24	0	0	8	67	0	0	0	0
otu_00591	0	6	22	90	52	4	5	4	4	0	0	0	0	0	0	0	11	0	4	3	5	2	0	0	0	2	9	12	8	0	3	0	5	54	48	45	21	1	5	3	0	0	0	15	0	0	5	0	0	6	5	0	4	0	5	0	0	0	3	3	0	0	0	0
otu_01222	0	1	0	3	5	0	4	0	0	0	0	0	0	0	0	0	6	0	12	3	0	0	0	0	0	0	0	0	0	2	0	0	1	0	2	17	6	0	0	0	10	0	3	4	25	4	24	32	0	4	5	3	13	10	7	8	0	0	0	0	0	0	0	0
otu_00483	0	0	7	3	0	0	0	9	0	0	0	12	0	0	0	0	0	3	11	10	8	9	16	5	0	0	0	0	0	0	5	0	0	17	2	0	6	0	0	2	7	6	19	12	15	40	17	35	0	0	0	0	0	0	0	0	0	0	0	0	0	0	0	0
otu_00678	0	0	0	0	0	0	0	0	0	0	0	0	0	0	0	0	0	0	0	0	0	0	0	0	0	0	26	0	0	0	0	3	1	0	2	9	18	0	5	2	13	226	317	234	15	20	33	13	0	0	7	5	5	7	0	3	0	2	3	0	0	0	0	0
otu_01293	3	0	0	7	2	0	3	2	4	0	0	12	0	0	0	0	6	5	11	0	0	2	3	0	0	0	0	0	0	0	0	0	0	0	0	0	0	0	0	0	25	6	3	4	23	9	13	69	0	0	0	0	5	10	4	6	0	0	0	0	0	0	0	0
otu_01731	8	0	3	6	10	0	8	12	0	0	10	0	0	48	6	0	0	0	0	0	0	0	6	0	0	0	0	0	0	0	0	0	1	0	2	9	0	0	0	0	0	6	4	7	66	67	131	286	0	0	0	0	0	0	0	0	0	0	8	6	0	0	0	0
otu_00701	0	0	0	0	0	0	2	0	0	0	0	0	0	0	0	0	0	0	0	0	0	0	5	0	0	0	20	0	0	0	0	4	0	0	0	9	15	1	0	0	7	212	222	231	15	12	26	16	0	0	3	0	5	8	5	0	0	0	7	6	0	0	0	0
otu_00371	0	0	0	0	0	0	0	3	4	0	0	12	0	0	6	4	0	0	0	0	0	0	0	0	0	0	0	0	0	0	0	0	0	7	2	9	0	0	0	0	10	0	0	0	4	14	26	25	0	0	6	3	10	11	0	15	0	0	2	0	0	0	0	3
otu_00693	0	0	0	0	0	0	0	0	0	0	0	0	0	0	0	0	0	0	0	0	0	0	0	0	0	0	5	0	0	0	0	3	1	0	2	0	6	1	0	0	7	69	166	97	7	10	22	11	0	0	0	0	4	8	0	3	0	0	3	5	0	0	0	0
otu_00358	2	0	2	0	0	3	10	6	0	0	0	0	8	0	0	0	0	0	0	0	0	0	5	0	0	0	0	0	0	0	0	0	1	0	0	0	0	0	0	0	7	0	8	0	205	156	323	444	32	0	0	0	0	14	4	0	0	0	0	4	0	0	14	0
otu_01888	0	0	0	0	0	0	0	0	0	0	0	0	6	0	0	0	0	0	0	0	0	0	6	0	0	0	7	0	0	0	0	7	0	7	2	9	6	0	0	0	0	22	42	25	8	4	10	4	0	0	4	8	8	0	5	0	0	0	0	0	0	0	0	0
otu_00418	0	0	0	0	0	3	0	0	0	0	0	0	0	0	0	0	0	0	0	0	0	0	0	0	0	0	5	0	0	0	0	7	0	7	2	0	0	0	5	0	0	39	73	57	0	0	9	3	0	0	0	3	5	20	8	4	0	0	4	0	0	0	0	0
otu_01528	0	0	0	0	2	0	0	32	0	0	0	8	0	0	0	0	0	0	0	0	0	0	0	0	0	0	0	0	0	0	0	0	1	11	0	0	0	0	0	2	59	0	0	5	31	14	58	70	0	0	5	3	4	3	4	6	0	0	2	0	0	0	0	0
otu_01709	2	0	0	0	0	4	2	0	0	0	0	0	0	16	0	0	0	0	0	0	0	3	9	0	0	0	0	0	7	0	4	3	0	7	0	0	12	0	0	0	0	0	20	21	3	5	24	0	0	0	0	2	0	0	0	0	0	0	0	0	0	0	0	0
otu_01581	0	0	5	4	3	157	0	61	0	0	0	0	11	0	0	0	10	0	0	34	0	0	0	5	0	0	0	3	0	0	3	0	0	0	0	0	0	0	0	0	291	0	0	0	11	58	8	109	0	0	0	0	0	0	0	0	0	0	5	0	0	0	0	0
otu_01085	2	6	2	0	0	4	0	14	0	0	0	0	0	0	0	0	0	0	0	0	0	0	0	0	0	3	0	0	0	0	0	0	0	0	0	0	0	0	0	0	7	61	6	0	8	7	6	5	0	0	0	0	0	0	0	0	0	0	0	5	0	0	0	4
otu_00403	0	0	0	0	0	0	0	0	0	0	0	0	0	0	0	0	0	0	0	0	0	0	0	0	3	0	4	0	0	0	0	3	0	7	0	0	0	0	0	2	19	88	71	50	11	14	22	0	0	0	3	0	0	11	0	4	0	0	0	0	0	0	0	0
otu_00713	0	0	2	7	0	0	0	0	0	0	0	0	0	0	0	0	0	0	0	0	0	0	0	0	0	0	0	0	0	0	0	0	0	0	2	9	6	0	9	0	7	119	122	177	19	9	27	65	0	0	0	0	0	0	0	0	0	0	0	0	0	0	0	0
otu_01084	0	1	0	0	10	2	2	0	0	0	0	0	0	0	0	0	0	0	0	0	0	0	0	0	0	0	0	0	0	0	0	0	0	0	0	0	6	0	0	0	0	6	0	4	15	5	10	37	0	0	0	0	0	0	0	0	0	0	2	0	0	0	0	0
otu_00982	0	0	0	0	2	20	0	13	0	0	0	0	0	0	0	0	0	3	0	3	0	0	0	3	0	0	20	0	3	0	0	0	0	0	0	0	0	0	0	2	25	0	16	36	3	23	3	4	0	0	0	0	0	0	0	0	0	0	0	0	0	0	0	0
otu_01025	2	0	0	0	4	34	0	15	0	0	0	0	6	0	0	0	0	0	3	0	0	0	0	0	0	0	0	10	0	0	0	0	0	0	0	0	0	0	0	0	25	6	0	4	0	4	3	10	0	0	0	0	0	0	0	0	0	0	3	0	0	0	0	0
otu_00865	0	0	0	4	2	0	0	0	0	0	0	0	0	0	0	0	0	0	0	0	0	0	3	0	0	0	0	0	0	0	0	0	0	0	0	0	0	0	0	0	65	6	9	66	3	12	9	25	0	0	41	82	0	124	0	0	0	0	0	0	0	0	0	0
otu_00624	4	0	0	0	0	5	0	4	0	0	0	0	0	0	0	0	0	0	0	0	0	0	0	0	0	0	0	2	0	0	0	0	0	0	2	0	0	0	0	0	0	0	0	0	3	7	10	34	6	0	0	2	0	0	8	0	0	0	3	0	0	0	0	0
otu_00451	0	0	0	3	0	0	0	0	0	0	0	0	0	0	0	0	0	0	0	0	0	0	13	3	0	0	0	0	0	0	0	0	0	0	2	0	0	0	0	0	7	6	14	5	7	72	17	97	0	0	0	0	0	0	0	0	0	0	0	0	0	0	0	0
otu_00545	0	0	0	0	0	0	0	0	0	0	0	0	0	0	0	0	0	0	0	0	0	0	0	0	0	0	0	0	0	0	0	0	1	7	0	0	0	0	0	2	0	113	21	39	0	12	8	3	0	0	0	0	0	0	0	0	0	0	0	4	0	0	0	0
otu_01148	2	0	2	0	0	6	0	14	0	0	0	0	0	0	0	0	4	0	0	0	0	0	0	0	0	0	0	0	0	0	0	0	0	0	0	0	0	0	5	0	19	0	5	0	0	167	3	33	0	0	0	0	0	0	0	0	0	0	0	0	0	0	0	0
otu_01432	0	0	0	0	0	0	0	0	0	0	0	0	0	0	0	0	0	0	0	0	0	0	0	0	0	0	0	0	0	0	0	0	0	0	0	0	6	0	0	0	0	61	6	4	19	25	33	58	0	0	0	0	0	0	0	0	0	0	2	0	0	0	0	0
otu_00654	0	4	0	0	3	0	0	8	0	0	0	0	0	0	0	0	0	0	0	0	0	0	0	0	0	0	0	0	0	0	0	0	0	0	0	0	0	0	0	0	0	0	0	0	18	17	3	44	0	0	0	0	0	0	0	7	0	3	0	0	0	0	0	7
otu_00520	0	0	0	0	0	0	0	0	0	0	0	0	0	0	0	0	0	0	0	0	0	0	0	0	0	0	0	0	0	0	0	0	0	0	0	9	0	0	5	0	7	20	9	5	0	0	0	0	0	0	0	0	0	0	0	0	0	0	0	0	0	0	0	0
otu_00478	0	0	0	0	0	3	0	0	0	0	0	0	0	0	0	0	0	0	0	0	0	0	0	0	0	0	0	0	0	0	0	0	0	7	0	0	0	0	0	0	0	0	4	12	14	66	24	103	0	0	0	0	0	0	0	0	0	0	3	0	0	0	0	0
otu_01336	0	0	0	0	0	0	0	0	0	0	0	0	0	0	0	0	0	0	0	0	0	0	0	0	0	0	0	0	0	0	0	0	0	0	0	0	0	0	0	0	0	20	0	0	25	20	34	73	0	0	0	0	0	0	0	0	0	0	0	0	0	0	0	0
otu_01231	0	0	0	0	0	0	0	0	0	0	0	0	0	0	0	0	0	0	0	0	0	0	0	0	0	0	0	0	0	0	0	0	0	0	0	0	0	0	0	0	0	113	3	0	87	141	148	294	0	0	0	0	0	0	0	0	0	0	0	0	0	0	0	0
otu_01334	0	0	0	0	0	0	0	0	0	0	0	0	0	0	0	0	0	0	0	0	0	0	0	0	0	0	0	0	0	0	0	0	0	0	0	0	0	0	0	0	44	0	0	7	41	38	38	53	0	0	0	0	0	0	0	0	0	0	0	0	0	0	0	0
otu_00165	0	0	0	0	0	0	0	0	0	0	0	0	0	0	0	0	0	0	0	0	0	0	0	0	0	0	0	0	0	0	0	0	0	0	0	0	0	0	0	0	0	6	0	4	11	23	31	90	0	0	0	0	0	0	0	0	0	0	8	0	0	0	0	0
otu_00526	0	0	0	0	0	0	0	0	0	0	0	0	0	0	0	0	0	0	0	0	0	0	0	0	0	0	0	0	0	0	0	0	0	0	0	0	0	0	0	0	44	0	0	4	114	36	58	105	0	0	0	0	0	0	0	0	0	0	0	0	0	0	0	0
otu_01093	0	0	0	0	0	0	0	0	0	0	0	0	0	0	0	0	0	0	0	0	0	0	0	0	0	0	0	0	0	0	0	0	8	0	0	0	0	0	0	131	0	0	0	0	3	0	0	0	0	6	2	0	0	0	0	0	0	0	0	0	0	0	0	0
otu_01781	0	0	0	0	0	0	0	0	0	0	0	0	0	0	0	0	0	0	0	0	0	0	0	0	0	0	0	0	0	0	0	0	0	0	0	0	0	0	0	0	0	0	0	0	0	0	0	0	0	0	0	0	0	0	0	0	0	0	0	0	0	0	0	0
otu_01845	0	0	0	0	0	0	0	0	0	0	0	0	0	0	0	0	0	0	0	0	0	0	0	0	0	0	0	0	0	0	0	0	0	0	0	0	0	0	0	0	0	0	0	0	0	0	0	0	0	1075	0	17	0	10	0	0	0	0	0	0	0	0	0	0
otu_00226	0	0	0	0	0	2	0	0	0	0	0	0	0	0	0	0	0	0	0	0	0	0	0	0	0	0	0	7	0	0	0	4	0	0	0	0	0	0	0	0	0	0	0	0	0	0	0	0	14	0	0	0	0	0	0	0	0	77	0	0	0	0	0	0
otu_01810	0	0	0	0	0	0	0	0	0	0	0	0	0	0	0	0	0	0	0	0	0	0	0	0	0	0	0	0	0	0	0	0	0	0	0	0	0	0	0	0	0	0	0	0	0	0	0	0	0	92	21	0	5	0	8	668	0	0	0	0	0	0	0	0
otu_01819	0	0	0	0	0	0	0	0	0	0	0	0	0	0	0	0	0	0	0	0	0	0	0	0	0	0	0	0	0	0	0	0	0	0	0	0	0	0	0	0	0	0	0	0	0	0	0	0	2	6	0	0	4	3	7	0	0	0	0	0	0	0	0	0
otu_01818	0	0	0	0	0	0	0	0	0	0	0	0	0	0	0	0	0	0	0	0	0	2	0	0	0	0	0	0	0	0	0	0	0	0	0	0	0	0	0	0	0	0	0	0	0	0	0	0	0	32	0	61	0	0	0	3	0	0	0	0	0	0	0	0
otu_01840	0	0	0	0	0	0	0	0	0	0	0	0	0	0	0	0	10	0	10	0	0	0	0	0	0	0	0	0	0	0	0	0	0	0	0	0	0	0	0	0	0	0	0	0	0	0	0	0	0	0	0	354	13	0	4	281	0	0	0	0	0	0	0	0
otu_01778	0	0	0	0	0	0	0	0	0	0	0	0	0	0	0	0	0	0	0	0	0	0	0	0	0	0	0	0	0	0	0	0	0	0	0	0	0	0	0	0	0	0	0	0	0	0	0	0	0	98	23	10	16	19	4	30	0	0	0	0	0	0	0	0
otu_01160	0	0	0	0	0	0	0	0	0	0	0	0	0	0	0	0	0	0	0	0	0	0	0	0	0	0	0	0	0	0	0	0	2	0	0	0	0	0	0	0	0	0	0	0	0	0	0	0	0	40	4	0	4	0	106	29	0	0	0	22	0	0	0	3
otu_01450	0	0	0	0	0	0	0	0	0	0	0	0	0	0	0	0	4	0	0	0	0	0	0	0	0	0	0	0	0	0	0	0	0	0	0	0	0	0	0	0	0	0	0	0	0	4	0	0	6	0	0	9	0	0	4	80	0	0	0	0	0	0	0	0
otu_01448	0	0	0	0	0	0	0	0	0	0	0	0	0	0	0	0	0	5	0	0	0	0	0	0	0	0	0	0	0	0	0	0	0	0	0	0	0	0	0	0	0	0	0	0	0	0	0	0	2	39	6	0	0	0	21	82	0	0	0	0	0	0	0	0
otu_01907	0	0	0	0	0	0	0	0	0	0	0	0	0	0	0	0	0	5	0	0	0	0	0	0	0	0	9	0	0	0	0	0	0	0	0	0	0	0	0	0	0	0	0	0	0	0	0	0	3	0	73	6	41	15	0	31	0	0	0	0	0	0	0	0
otu_01799	0	0	2	0	0	0	0	0	0	0	0	0	0	0	0	0	0	0	0	0	0	0	0	0	0	0	0	0	0	0	0	0	0	0	0	0	0	0	0	0	0	0	0	0	0	0	0	0	0	0	60	3	4	0	7	100	0	0	3	9	0	0	0	0
otu_00688	0	0	0	0	0	0	0	0	0	0	0	0	0	0	0	0	0	0	0	0	0	0	0	0	0	0	0	0	0	0	0	0	0	0	0	0	0	0	0	0	0	0	0	0	0	4	0	0	3	137	43	60	22	10	38	122	0	0	0	0	0	0	0	0
otu_01853	0	0	0	0	0	0	0	0	0	0	0	0	0	0	0	0	13	0	14	0	5	0	0	0	0	0	0	0	0	0	0	0	0	0	0	0	0	0	0	0	0	0	0	0	3	0	0	0	2	404	36	0	15	20	0	1512	0	0	0	0	0	0	0	0
otu_01461	0	0	0	0	0	0	0	0	0	0	0	0	0	0	0	0	0	0	0	0	0	0	0	0	0	0	0	0	0	0	0	0	4	0	0	0	0	0	0	0	0	0	0	0	0	0	0	0	8	13	5	0	0	0	67	98	0	0	0	8	0	0	0	0
otu_01846	3	1	13	0	23	2	0	9	0	0	0	0	0	0	0	0	0	0	0	0	0	0	0	0	0	0	4	5	0	0	0	0	0	0	0	0	0	0	0	0	0	0	0	0	0	0	0	0	2	0	0	0	0	6	4	0	0	0	0	0	0	0	0	0
otu_00056	2	0	0	0	6	0	0	0	0	0	0	0	0	0	0	0	11	0	0	0	6	0	0	0	0	0	0	0	0	0	0	0	0	0	0	0	0	0	0	0	0	0	0	0	0	0	0	0	0	4	16	4	10	0	5	64	0	0	146	136	0	0	0	0
otu_00225	0	0	0	6	2	0	0	0	0	0	0	0	0	0	0	0	0	0	5	0	0	0	0	0	0	0	0	0	0	0	8	0	0	0	0	0	0	0	0	0	0	0	0	0	0	5	0	0	0	20	256	38	33	11	0	49	0	0	3	3	0	0	0	0
otu_00411	2	17	0	0	22	2	0	0	0	0	0	0	0	0	0	0	0	0	0	0	0	0	0	0	0	0	4	3	0	0	0	0	0	0	0	0	0	0	0	0	0	0	0	0	0	0	0	0	0	6	0	9	52	0	0	21	0	0	13	6	0	0	0	0
otu_00273	0	0	0	0	0	0	0	0	0	0	0	8	0	0	0	0	0	8	0	0	0	0	10	0	0	0	9	3	0	7	0	0	0	0	0	0	0	0	0	0	0	0	0	0	3	0	0	9	0	18	3	3	47	0	21	0	0	0	0	0	0	0	0	0
otu_00357	0	0	3	0	7	31	5	0	0	0	0	0	0	0	0	0	0	0	0	0	0	0	0	0	0	0	0	0	3	0	0	0	0	0	0	0	0	0	0	0	0	0	0	0	0	0	0	0	8	0	0	0	10	11	4	0	0	0	15	3	0	0	11	8
otu_00675	0	0	0	0	0	4	0	0	0	0	0	0	0	16	0	0	0	0	0	0	0	0	5	0	0	0	0	0	0	0	0	0	0	0	0	0	0	0	0	0	0	0	0	9	0	0	0	0	12	63	12	5	7	4	49	172	0	0	182	123	0	0	0	0
otu_01711	0	0	0	0	4	0	4	4	8	0	0	0	0	0	0	0	6	0	5	0	0	0	0	0	0	0	12	0	4	0	0	0	0	0	0	0	0	0	0	0	0	0	0	10	0	0	0	0	0	7	0	5	25	12	14	12	0	0	0	0	2	0	0	0
otu_00402	2	11	0	0	0	16	0	0	0	0	0	0	0	0	0	0	0	0	0	0	0	0	0	0	0	0	0	0	0	2	0	7	0	0	0	0	0	0	0	0	13	0	0	0	0	0	0	3	2	11	0	9	8	3	13	0	0	7	0	7	0	0	5	0
otu_01802	0	0	0	0	0	0	0	0	0	0	0	0	0	0	0	0	0	0	0	0	0	2	0	0	0	0	0	0	0	0	0	0	3	0	4	0	0	11	0	4	0	0	0	0	0	0	0	0	14	44	26	4	4	3	0	26	0	0	0	3	0	0	0	0
otu_01447	0	0	2	0	0	0	0	0	0	0	0	0	0	0	0	0	0	0	0	0	0	2	0	0	0	0	0	0	0	0	0	0	1	0	0	0	0	0	0	0	0	0	0	4	0	0	0	0	23	6	8	2	0	3	4	8	0	0	0	13	0	0	0	0
otu_00971	0	3	0	3	4	6	2	0	0	0	0	0	0	0	0	0	0	0	0	5	18	8	9	3	0	0	0	3	0	0	0	0	0	0	0	0	0	0	0	0	0	0	0	0	0	0	0	0	0	68	0	11	47	4	0	19	0	0	0	0	0	0	0	0
otu_00705	0	3	0	0	0	4	0	0	0	0	0	0	0	0	0	0	0	0	0	0	0	0	0	0	0	0	0	7	0	0	0	0	0	0	0	0	0	0	0	0	0	6	14	0	0	0	0	0	14	25	3	2	25	6	13	12	0	0	3	11	0	0	0	0
otu_01357	0	0	0	3	9	0	0	0	0	0	0	0	0	0	0	0	0	0	0	0	5	0	0	0	0	0	26	2	12	5	0	5	0	0	0	0	0	0	0	0	0	0	0	0	0	0	0	0	0	13	19	6	30	31	5	20	0	0	0	0	0	0	0	0
otu_01803	0	1	0	0	0	0	0	0	0	0	0	0	0	0	0	0	0	0	5	0	6	0	6	0	0	0	0	0	0	0	0	0	0	0	3	9	0	2	5	7	0	0	0	0	0	0	0	0	17	0	3	25	24	0	4	10	0	0	0	0	0	0	0	0
otu_01169	0	3	3	3	4	11	19	0	0	0	0	0	13	0	0	0	0	0	0	3	0	0	0	0	0	0	0	0	0	0	0	0	0	0	0	0	0	0	0	0	0	0	0	0	0	0	0	0	55	7	0	2	0	0	31	0	0	0	0	0	0	0	0	0
otu_01822	0	0	0	0	0	0	0	0	0	0	0	0	0	0	0	0	15	0	9	23	0	17	14	0	0	0	0	0	0	0	0	0	0	14	3	33	0	0	0	0	0	0	0	0	0	0	0	9	0	189	7	416	0	3	0	40	0	0	0	0	0	0	0	0
otu_00994	0	1	0	0	0	0	2	0	0	0	0	0	0	0	0	0	0	6	0	5	18	6	17	8	0	0	0	0	0	2	0	0	0	0	0	0	0	0	0	0	0	0	0	0	0	0	0	0	3	28	0	10	82	0	7	24	0	0	0	0	0	3	0	0
otu_00999	13	3	0	0	0	0	0	6	0	0	0	0	0	0	0	0	0	11	0	0	0	0	0	0	0	0	0	0	0	0	0	0	0	0	0	0	0	0	0	0	0	0	0	0	0	0	0	0	7	25	2	4	106	6	0	6	2	10	27	0	0	3	0	0
otu_00221	0	0	0	140	70	58	6	0	0	0	0	0	0	0	0	0	0	0	0	0	0	0	0	0	0	0	0	9	3	0	0	4	0	0	0	0	0	0	0	0	0	0	0	0	0	4	0	0	56	14	0	2	4	27	55	6	0	6	11	12	0	0	0	0
otu_01844	0	6	4	11	4	2	4	0	6	0	0	0	0	0	0	0	0	0	0	0	0	0	0	0	0	0	0	0	0	0	0	0	0	0	0	0	0	0	0	0	0	0	0	0	0	0	0	0	28	0	5	2	24	66	19	46	0	6	0	45	0	3	0	0
otu_01737	0	0	0	0	0	0	0	11	12	6	50	16	0	16	0	0	0	0	0	0	0	0	3	0	0	0	0	0	0	0	0	0	0	0	0	0	0	0	0	0	0	0	15	0	0	0	5	0	0	4	7	15	16	16	8	13	0	0	4	7	0	0	0	0
otu_01209	0	0	0	0	0	0	21	0	0	0	0	0	0	0	0	0	0	0	0	0	0	0	3	0	0	0	0	2	0	0	0	0	0	0	0	0	0	0	0	0	0	0	0	0	0	0	0	0	3	32	30	25	7	4	7	68	2	0	0	21	0	3	0	0
otu_01192	0	0	0	0	4	2	12	2	0	0	0	0	13	0	0	0	0	0	0	0	0	0	0	0	0	0	0	0	0	0	0	0	4	0	0	0	0	0	0	0	0	0	0	5	0	0	0	0	17	21	6	3	0	0	5	6	0	0	0	9	0	0	9	0
otu_01863	2	2	0	6	6	0	0	0	0	0	0	0	0	0	0	0	4	0	0	0	0	4	0	0	0	0	0	0	0	0	0	0	0	0	0	0	0	0	0	0	0	0	0	0	0	0	0	0	0	139	19	4	110	10	0	71	2	0	30	59	0	2	8	34
otu_01213	0	1	12	0	0	6	19	0	0	0	0	0	8	0	0	0	0	0	0	0	0	0	0	0	3	0	0	3	0	0	0	5	0	0	0	0	0	0	0	0	0	0	0	0	0	0	0	0	0	231	24	34	58	21	13	40	0	0	0	3	0	2	0	11
otu_00687	2	0	0	0	0	4	0	0	0	0	0	0	0	16	0	0	0	0	0	0	0	0	0	0	0	2	0	0	4	0	0	0	0	0	0	0	0	0	0	0	0	0	0	0	0	0	0	0	14	118	2	18	63	12	8	182	0	0	498	303	0	0	0	4
otu_00391	0	0	5	0	4	27	4	0	0	0	0	0	0	0	0	0	0	0	0	0	0	2	0	0	0	0	0	2	0	2	3	4	0	0	0	0	0	0	0	0	7	9	0	0	0	0	0	0	0	13	0	9	16	3	4	6	0	0	12	4	0	0	0	0
otu_00682	0	2	0	0	0	2	0	0	0	0	0	0	0	0	0	0	0	0	0	0	0	0	0	0	0	0	4	3	0	0	0	0	0	0	0	0	0	0	0	0	0	0	19	12	6	0	0	3	3	70	0	15	46	7	7	46	0	0	5	0	0	0	0	3
otu_01910	3	5	0	0	44	25	0	12	0	0	0	0	0	0	0	0	0	0	0	0	0	0	0	0	0	0	0	0	0	0	0	0	1	0	3	0	0	0	0	0	0	0	0	0	0	9	3	0	106	14	0	4	18	15	24	3	0	0	11	8	0	0	4	20
otu_00694	3	0	7	0	44	26	6	0	0	0	0	0	0	0	0	0	0	0	0	0	0	0	0	0	0	0	0	2	0	0	0	0	0	0	0	0	0	0	0	0	0	0	0	0	0	0	0	0	83	26	0	4	29	24	92	16	0	0	41	11	0	2	0	0
otu_01451	2	0	7	0	0	2	0	0	0	0	0	0	0	0	0	0	6	0	0	7	0	12	0	0	0	0	0	0	0	0	0	0	2	17	0	0	0	1	0	0	0	0	0	0	0	0	0	0	53	167	124	7	16	10	11	202	0	2	0	11	0	0	0	0
otu_00870	0	5	0	0	0	0	2	2	0	0	10	0	0	0	0	0	13	0	6	0	0	39	7	0	0	0	0	0	3	0	0	0	0	0	0	0	0	0	0	0	10	0	0	0	0	4	0	0	7	0	233	239	5	327	0	0	0	14	2	6	0	0	18	3
otu_00689	2	27	3	7	2	10	4	6	0	0	0	0	0	0	0	0	0	0	3	0	0	0	5	0	0	0	0	5	0	0	0	0	0	0	0	0	0	0	0	0	0	0	0	0	0	0	0	0	10	165	37	2	89	16	0	104	0	0	0	9	0	0	0	0
otu_01430	5	0	4	12	15	12	8	0	0	0	0	0	0	0	0	0	0	0	0	0	5	0	0	0	5	5	50	2	31	18	9	8	0	0	0	0	0	0	0	0	7	0	0	0	4	0	0	0	0	47	37	41	131	103	30	52	0	0	5	0	0	0	0	0
otu_00193	3	6	0	0	2	4	9	22	0	0	10	0	0	0	0	0	0	0	0	0	0	0	0	0	3	2	0	9	5	3	0	3	0	0	3	0	0	0	0	0	0	0	0	0	0	0	0	0	4	21	18	38	7	0	13	51	0	0	2	13	0	0	0	0
otu_00672	0	4	0	3	6	11	0	0	0	0	10	0	0	0	0	0	0	0	0	0	0	0	0	0	0	0	0	4	0	0	0	0	0	0	0	0	0	0	0	0	0	0	0	5	0	9	0	0	115	106	2	17	63	15	33	53	0	0	7	5	0	0	6	9
otu_00978	46	48	19	9	16	21	37	14	0	0	0	0	0	0	0	0	0	0	0	0	0	2	5	0	0	0	0	7	0	0	0	4	0	0	2	0	0	0	0	0	0	0	0	0	0	0	0	0	14	82	6	37	487	27	14	87	20	4	0	7	0	193	0	0
otu_01221	4	10	11	0	14	14	129	5	0	6	0	0	26	0	0	0	0	5	0	0	0	2	0	0	0	2	0	21	0	4	0	0	0	0	0	0	0	0	0	0	0	0	0	0	0	0	0	0	0	30	18	14	11	3	4	39	0	0	7	81	0	3	0	0
otu_01813	2	6	12	12	19	22	4	58	0	0	0	0	0	0	0	0	0	0	0	0	0	0	0	0	0	5	0	6	3	5	5	0	0	0	0	9	0	0	0	0	0	0	0	0	0	7	8	9	271	6	6	8	11	39	315	55	0	0	0	3	0	3	0	0
otu_00001	4	19	11	17	22	5	25	8	0	0	0	0	0	0	0	0	0	0	0	3	0	0	0	0	0	5	0	2	0	2	0	3	1	11	0	9	0	0	0	0	0	0	0	0	0	0	3	0	30	46	2	16	7	8	21	21	0	0	3	3	0	0	0	0
otu_00990	77	68	7	17	22	67	212	86	0	0	0	0	11	0	0	0	0	0	0	0	0	0	7	6	7	0	4	25	0	2	5	5	4	0	0	0	0	0	0	0	0	0	0	0	0	12	19	13	46	127	0	36	177	44	13	43	0	0	6	7	0	2	0	0
otu_00034	0	0	0	0	0	0	0	0	0	0	0	0	0	0	0	0	0	0	0	0	0	0	0	0	0	0	0	0	0	0	0	0	0	0	0	9	0	0	0	0	0	0	0	0	0	0	0	0	0	0	0	2	0	0	0	0	0	0	0	6	0	0	0	0
otu_00527	0	0	0	0	0	0	0	0	0	0	0	8	0	0	0	0	0	0	0	0	0	0	0	0	0	0	0	0	0	0	0	0	0	7	0	21	0	0	0	0	0	9	3	0	0	5	0	0	0	0	0	0	0	0	0	0	2	0	0	3	0	0	0	0
otu_00029	0	0	0	0	0	0	0	0	0	0	0	0	0	0	0	0	0	0	0	0	0	0	0	0	0	0	0	0	0	0	0	0	0	0	0	9	0	0	0	2	0	0	3	4	0	0	0	0	2	0	0	2	10	3	0	0	0	0	0	8	0	2	0	0
otu_01100	0	0	0	0	0	0	0	0	0	0	0	0	0	0	0	0	0	0	0	0	0	0	0	0	0	0	0	0	0	0	0	0	14	0	0	0	0	41	0	869	0	0	0	0	18	4	0	3	0	26	12	0	0	0	4	29	0	0	0	4	0	0	0	0
otu_01097	0	0	0	0	0	0	0	0	0	0	0	0	6	0	0	0	0	0	0	0	0	0	3	0	0	0	0	0	0	0	0	0	7	0	7	0	0	990	5	5	0	0	4	4	0	0	0	0	2	6	2	0	0	0	0	3	0	0	0	0	0	0	0	0
otu_01825	0	0	0	0	0	0	0	0	0	0	0	0	0	0	0	0	4	0	0	0	0	0	0	0	0	0	0	0	0	0	0	0	10	7	4	0	0	49	11	16	0	0	0	0	0	0	0	3	0	9	37	2	0	0	5	3	0	0	0	0	0	0	0	0
otu_00228	0	1	0	3	0	0	0	0	0	6	0	0	0	0	0	0	0	0	0	0	0	0	0	3	0	0	0	3	3	12	0	12	0	7	2	9	0	0	0	0	0	0	0	0	0	0	0	4	0	0	0	2	0	4	4	0	0	181	85	0	0	0	0	0
otu_00242	5	0	0	0	0	0	0	0	0	0	0	0	0	0	0	0	0	0	0	0	0	2	0	0	0	0	18	110	0	0	3	0	0	0	0	9	0	0	0	0	10	0	0	0	0	0	17	3	163	0	0	0	10	3	67	0	0	0	5	12	0	2	0	3
otu_00365	0	0	0	0	0	0	0	0	0	0	0	0	0	0	0	0	4	0	0	0	0	0	0	0	0	0	9	0	0	0	0	0	0	0	0	0	0	0	0	2	0	22	15	13	3	0	9	0	0	9	7	12	60	28	4	15	0	0	0	0	0	0	0	0
otu_01798	0	0	0	0	0	0	0	0	0	0	0	0	0	0	0	0	6	0	0	0	0	0	0	0	0	0	0	0	0	0	0	0	81	0	0	0	0	4	0	1583	0	0	3	4	15	4	0	3	2	46	21	0	0	0	4	34	0	0	0	16	0	0	0	0
otu_00032	0	2	0	0	0	2	0	0	0	0	0	0	6	16	0	0	0	0	0	0	0	0	0	0	0	0	0	0	0	0	0	0	0	0	0	0	0	1	0	6	0	0	0	0	0	0	3	3	6	0	2	0	4	3	0	3	2	0	0	15	3	0	0	3
otu_00192	0	0	0	0	0	0	2	0	0	0	0	0	0	0	0	0	0	0	0	0	0	0	0	0	0	0	0	0	0	0	0	0	4	14	15	9	9	0	0	2	0	0	0	0	0	0	0	0	0	16	12	36	8	0	4	25	0	0	3	15	0	2	0	3
otu_01856	0	0	0	0	0	7	0	0	0	6	20	12	16	40	0	0	0	0	0	0	0	0	0	0	0	5	20	4	15	11	0	11	0	0	0	0	0	0	0	0	0	0	0	0	0	0	9	0	0	0	0	0	0	0	0	0	0	0	0	0	0	0	0	0
otu_01886	0	0	4	0	0	7	0	11	0	0	0	0	0	0	0	0	0	0	0	0	0	0	0	0	0	0	0	0	0	0	0	0	2	7	0	49	6	0	0	2	0	6	3	4	0	0	0	0	14	0	0	10	0	0	278	0	0	4	0	3	0	24	196	14
otu_00513	0	0	0	0	0	2	2	0	0	0	0	0	0	0	0	0	0	0	0	0	0	0	0	0	0	0	4	0	0	0	4	0	3	0	2	9	6	0	0	0	0	0	0	0	0	0	0	0	2	0	3	4	0	3	0	28	3	134	5	69	0	26	110	0
otu_00683	0	0	0	0	0	7	0	0	0	0	0	0	0	0	0	0	0	0	0	0	0	0	0	0	0	0	0	0	0	0	0	0	0	0	2	9	0	3	5	0	0	6	0	4	0	5	3	0	11	56	0	9	24	0	7	107	0	0	481	274	0	0	0	4
otu_01744	0	0	0	0	0	3	0	0	0	0	0	0	0	0	0	0	0	0	0	0	0	0	0	0	0	0	0	0	0	0	0	0	2	31	3	0	0	0	5	2	0	6	0	0	0	0	5	5	0	0	3	2	4	0	0	4	0	0	15	3	2	0	3	13
otu_01826	0	0	0	0	0	0	0	0	0	0	0	0	0	0	0	0	0	3	0	0	0	2	0	0	0	0	0	0	0	0	0	0	67	7	0	13	6	9	15	73	7	6	0	0	3	0	3	0	5	21	17	7	0	0	21	17	0	0	0	0	0	0	0	0
otu_01635	0	0	0	17	0	0	0	7	0	0	20	85	0	32	31	9	0	6	0	0	0	0	6	0	0	0	5	0	0	0	0	0	0	47	5	9	6	0	0	2	0	0	4	0	3	0	0	3	0	0	0	0	0	0	0	0	0	13	0	0	25	48	3	0
otu_00917	0	0	0	12	4	0	0	0	0	0	0	0	0	0	0	0	0	15	0	5	6	4	5	20	0	0	0	0	0	0	0	0	0	0	0	0	0	0	0	0	0	0	0	0	0	0	0	0	0	4	30	22	7	56	4	7	2	8	6	24	2	4	3	3
otu_01911	4	0	0	0	0	41	0	5	0	0	0	0	0	0	0	0	0	0	0	6	0	0	5	0	0	0	0	0	0	0	0	0	5	7	0	0	0	1	0	0	7	6	3	4	3	0	0	0	2	4	0	0	4	0	11	3	0	0	21	0	0	2	3	3
otu_01734	0	0	4	8	8	16	6	0	0	6	0	0	8	0	0	0	0	0	0	0	0	0	0	0	0	0	0	0	0	0	0	0	0	0	0	0	0	0	0	0	0	11	10	4	0	4	0	0	42	0	2	8	38	57	10	13	2	0	0	3	0	2	0	15
otu_00695	0	0	0	0	0	0	0	0	0	0	0	0	0	0	0	0	0	0	0	0	0	0	0	0	3	0	17	0	0	0	0	0	0	7	0	9	6	0	0	0	13	116	180	141	8	4	10	16	0	0	4	3	5	16	7	4	2	0	11	14	0	3	3	0
otu_00685	0	0	0	0	0	0	0	0	0	0	0	0	0	0	0	0	0	0	0	0	0	0	0	0	3	0	9	0	0	0	0	5	0	7	2	9	6	0	5	2	0	14	44	29	3	4	3	7	2	0	6	11	5	4	11	7	0	0	33	14	0	0	0	0
otu_00182	0	0	0	0	6	2	0	0	0	9	0	16	0	0	0	0	0	0	0	0	0	0	0	0	0	0	0	0	0	0	0	0	0	11	2	9	0	1	0	3	7	9	23	31	7	9	34	18	0	0	2	2	0	0	0	0	0	0	35	5	0	2	3	3
otu_00224	2	3	4	0	6	14	2	0	0	0	0	0	0	0	0	0	0	0	0	0	0	0	0	0	0	0	0	9	0	0	3	0	1	7	2	9	6	0	0	0	7	0	0	4	3	4	3	7	33	0	0	0	7	7	0	0	0	8	9	4	2	0	3	0
otu_00680	0	9	0	0	0	16	6	2	0	0	0	0	0	0	0	0	0	5	0	0	0	0	0	0	0	0	0	2	0	0	0	0	0	0	0	13	6	1	0	0	7	0	3	0	0	0	5	3	2	82	27	76	379	8	27	498	3	2	7	18	0	0	3	4
otu_01088	0	0	0	7	3	4	0	0	4	0	0	12	0	0	0	0	0	3	0	0	0	0	0	0	0	0	0	0	0	0	0	0	0	0	0	9	0	1	0	0	7	6	0	5	3	4	15	3	0	0	2	2	4	0	0	3	2	2	19	3	5	2	5	7
otu_01671	0	2	0	6	6	3	0	8	0	0	15	8	0	0	0	0	8	0	0	0	0	0	37	0	0	0	4	0	0	0	0	0	0	7	2	0	6	0	13	0	22	6	29	12	3	4	3	3	0	0	3	2	4	3	4	0	0	0	2	0	2	0	0	3
otu_00698	0	0	0	3	0	3	0	4	0	0	0	0	0	0	0	0	0	0	0	0	0	0	0	0	0	0	0	0	0	0	0	0	3	0	2	9	6	1	0	2	7	33	0	20	0	4	3	3	2	4	0	2	8	8	0	3	0	29	101	41	3	2	7	20
otu_00673	0	0	0	0	2	26	0	12	0	0	25	0	0	0	0	0	0	0	0	0	0	0	0	0	0	0	0	5	0	0	0	0	0	0	2	0	0	0	0	0	10	6	3	4	3	4	0	6	76	11	0	2	5	8	31	6	0	0	5	12	0	0	3	3
otu_01015	5	0	0	19	2	2	12	13	0	0	0	0	0	0	0	0	0	0	0	0	0	0	3	0	0	0	0	0	0	0	0	0	2	24	4	9	12	1	5	2	0	6	25	5	6	4	69	38	0	0	0	0	0	0	0	0	2	3	45	23	2	0	0	8
otu_01082	0	0	0	0	0	57	0	19	8	0	35	16	8	0	6	0	0	0	0	3	0	6	0	0	0	6	0	0	0	3	0	0	2	7	0	49	12	2	13	0	19	9	5	13	6	0	13	4	0	0	0	0	4	3	0	0	2	0	66	23	0	4	4	4
otu_00720	0	0	3	3	2	0	0	0	0	0	0	0	0	0	0	0	4	0	0	0	0	3	0	0	0	0	0	0	0	0	0	0	2	34	2	13	24	1	15	3	34	770	1039	1276	149	112	267	370	0	0	4	9	4	7	5	7	0	0	2	0	0	0	0	0
otu_01667	5	0	0	63	73	0	11	11	0	0	0	0	0	0	0	0	0	0	0	0	3	0	0	0	0	0	4	0	0	0	0	0	1	37	7	25	18	0	0	2	0	6	46	12	3	0	5	13	0	4	4	2	0	4	4	7	0	0	5	4	0	2	3	0
otu_01837	9	9	16	0	7	10	2	4	0	0	0	0	0	0	0	0	0	0	0	0	0	0	0	0	0	0	0	0	0	0	0	5	0	0	0	9	6	0	0	2	7	6	3	4	0	0	3	3	0	13	0	2	52	19	8	4	12	41	32	64	5	5	64	112
otu_01858	8	7	18	0	22	19	16	12	0	0	0	0	0	0	0	0	0	0	0	0	0	0	0	0	0	0	5	0	0	0	0	4	0	0	2	9	0	0	0	2	0	6	3	0	6	4	6	0	2	160	12	40	557	25	10	73	0	0	10	14	2	2	3	15
otu_00398	0	0	2	0	13	55	2	2	0	0	0	0	0	0	0	0	0	0	0	0	0	0	0	0	0	0	0	0	0	0	0	0	1	44	8	17	9	1	0	2	10	14	15	15	6	14	9	7	0	4	2	3	0	3	4	0	0	2	11	3	0	2	3	3
otu_00380	3	6	6	0	10	4	0	7	0	0	0	31	0	0	0	0	0	0	0	0	0	0	28	3	0	0	9	3	0	0	0	3	0	21	6	0	6	0	0	0	7	11	10	10	3	0	5	0	5	4	2	4	5	4	4	3	0	0	6	3	0	0	27	0
otu_01651	0	0	0	6	10	0	0	0	0	0	0	0	0	0	0	0	0	0	5	0	0	2	0	0	0	0	10	5	0	0	0	9	1	7	0	9	9	0	0	0	7	102	124	133	7	12	17	9	2	4	6	2	5	7	4	3	0	0	3	5	0	2	3	3
otu_00690	0	0	2	0	7	7	0	0	0	0	0	0	0	16	0	0	11	0	0	3	0	0	0	0	0	0	0	109	0	0	0	0	1	0	0	0	0	0	0	0	7	9	3	4	3	4	5	3	98	564	18	206	43	42	459	1319	0	3	65	36	0	0	3	3
otu_01708	2	2	2	8	9	8	4	0	6	9	0	0	6	0	0	0	0	0	0	0	0	0	5	0	0	2	0	3	0	3	4	0	0	0	0	0	15	2	52	0	0	0	0	0	0	0	3	0	173	7	0	2	7	39	83	26	27	2	0	201	2	4	4	0
otu_01687	0	12	0	11	3	10	0	8	0	0	0	0	0	0	0	0	0	0	6	0	11	0	7	6	0	0	20	0	4	3	0	0	1	7	2	9	6	0	7	0	0	0	4	4	0	4	0	0	0	6	2	0	19	3	4	29	2	2	9	21	0	0	3	14
otu_00248	11	8	13	6	38	12	9	39	0	0	0	0	0	0	0	0	0	0	0	0	0	2	0	0	0	0	7	5	0	0	0	0	0	7	2	0	36	0	0	2	0	6	0	20	3	0	3	0	0	47	2	28	234	10	0	3	2	6	73	31	2	4	6	72
otu_01904	0	0	0	0	0	0	0	0	0	0	0	0	0	0	0	0	0	0	0	0	0	2	5	3	6	0	143	3	0	0	0	30	1	24	8	41	88	1	9	3	28	756	1021	897	73	59	121	66	0	6	23	23	24	60	18	31	0	2	7	3	2	0	0	0
otu_01782	0	0	0	4	0	28	4	0	0	0	0	20	8	16	0	0	0	0	0	0	0	2	3	0	0	0	7	0	0	0	0	4	0	7	2	0	9	1	20	0	0	6	27	18	4	0	0	6	0	4	2	2	4	3	4	7	2	2	62	4	2	0	3	3
otu_00386	92	10	13	0	94	76	171	7	0	0	0	0	0	0	0	0	0	5	0	0	5	0	5	0	0	0	0	9	4	0	0	0	0	0	0	0	0	0	0	0	7	0	12	0	4	5	13	6	240	4	0	5	63	60	53	3	3	11	9	18	0	3	3	3
otu_00385	0	2	2	3	2	8	2	2	0	0	10	0	0	0	0	0	0	0	0	0	0	0	0	0	0	0	9	3	0	0	0	0	3	81	27	45	21	1	9	7	0	6	4	7	0	5	3	0	0	9	7	5	5	6	4	3	2	2	0	5	0	0	4	3
otu_00012	0	2	12	0	8	15	102	4	0	0	10	0	0	0	6	0	0	0	0	7	0	0	0	3	3	0	0	5	0	0	0	5	0	0	0	0	0	0	5	2	7	6	3	4	0	9	5	6	23	4	2	4	4	0	16	0	3	59	15	61	2	4	50	17
otu_00439	0	0	0	7	2	97	3	97	8	0	0	24	6	0	0	0	0	0	6	0	0	2	3	0	0	0	0	0	0	0	0	0	0	14	2	9	6	1	0	2	75	6	12	4	40	56	64	125	0	4	5	3	15	11	4	3	0	0	14	9	2	0	0	4
otu_00222	0	2	5	0	0	64	0	2	8	0	15	0	6	0	0	0	0	0	0	0	6	0	0	0	0	0	0	18	0	0	3	0	0	0	2	9	6	1	0	7	0	9	3	4	3	9	9	11	29	0	0	18	8	7	80	3	2	18	58	9	0	0	34	13
otu_00517	4	4	0	0	0	19	5	0	0	6	0	0	0	0	0	0	0	0	0	19	5	0	0	0	0	0	10	3	0	4	0	0	2	0	0	9	6	1	0	0	7	44	12	18	0	0	3	3	2	7	0	40	60	54	228	29	4	533	49	61	8	48	555	117
otu_00679	0	0	0	0	0	0	0	0	0	0	0	0	0	0	0	0	0	0	3	0	0	9	3	5	6	0	103	2	0	0	0	18	0	24	8	29	59	0	11	4	65	970	1177	1126	78	67	128	81	5	7	18	26	43	83	45	35	0	2	18	16	0	0	4	3
otu_00214	4	1	0	8	24	36	8	15	0	0	0	8	8	0	0	0	4	0	0	0	8	0	0	0	0	0	7	0	0	0	4	0	0	7	2	9	6	1	5	0	22	6	16	0	3	0	5	3	2	26	13	14	83	15	11	44	3	22	59	41	0	4	149	21
otu_00249	11	118	13	9	15	4	13	0	0	0	0	0	0	16	0	0	0	0	0	0	0	0	3	3	0	0	21	37	0	11	0	4	0	11	2	9	6	1	5	2	0	6	3	4	3	4	8	5	115	0	0	0	4	0	7	3	0	494	9	6	2	23	41	4
otu_00239	3	2	4	0	2	40	0	4	0	0	0	0	0	0	0	0	0	0	0	3	0	0	0	0	0	0	15	53	5	30	5	24	1	0	0	0	6	1	5	2	0	9	6	0	3	7	5	0	32	11	0	53	33	25	152	55	2	59	2	49	2	34	85	9
otu_01824	0	0	0	0	0	0	0	0	0	0	0	8	99	0	0	0	13	0	3	0	3	6	9	0	4	4	0	0	0	0	0	4	907	31	229	29	47	593	811	725	7	39	19	26	269	12	3	7	12	198	56	132	8	0	75	200	0	0	0	0	0	0	0	0
otu_00366	3	48	2	7	5	14	4	6	0	0	0	0	0	0	0	0	4	0	0	0	0	0	7	0	0	2	4	5	0	5	0	7	0	17	2	0	0	0	0	2	75	0	3	0	0	4	0	3	31	7	2	6	33	32	16	8	6	71	42	23	5	2	225	40
otu_01692	6	1	22	0	67	17	6	5	0	0	15	0	8	0	0	0	0	0	5	0	0	0	0	0	0	2	0	5	0	0	3	0	11	11	2	0	36	1	5	0	10	6	4	9	3	0	26	9	0	65	2	31	212	18	7	47	0	64	96	44	2	6	4	21
otu_01098	0	0	2	4	2	0	0	3	0	0	0	0	984	0	0	0	11	0	8	12	6	3	26	0	5	3	0	0	0	0	0	4	942	51	382	37	62	3739	914	1680	7	42	19	37	492	46	23	10	18	456	97	354	5	6	174	379	0	0	0	0	0	0	0	0
otu_00231	11	22	161	8	60	17	19	21	0	0	0	0	0	0	0	0	0	0	0	0	0	0	0	0	0	0	10	3	3	5	0	0	1	7	2	9	6	1	5	2	7	0	0	4	3	9	9	0	6	562	36	142	992	86	21	185	3	2	57	35	5	9	7	27
otu_00244	112	42	1409	333	442	49	61	131	6	0	10	16	13	56	9	0	0	0	0	0	0	0	6	0	0	0	12	6	0	4	0	3	0	0	2	9	0	0	0	2	7	0	3	4	40	67	135	168	3	208	6	48	616	12	11	37	21	202	857	226	14	83	102	303
otu_00988	0	0	0	0	0	0	0	0	0	0	0	0	0	0	0	0	0	396	3	0	0	0	0	0	0	0	0	0	0	0	0	0	0	0	0	0	0	0	0	0	0	0	0	0	0	0	0	0	0	0	0	0	0	0	0	0	0	0	2	0	0	0	0	0
otu_00449	0	0	0	0	0	0	0	0	0	0	0	0	0	0	0	0	168	0	0	10	6	2	0	0	0	0	0	0	0	0	0	3	0	0	0	0	0	0	0	0	0	0	0	0	0	0	0	0	0	0	0	0	0	0	0	0	0	0	0	0	0	0	0	0
otu_00446	0	0	0	0	0	37	0	33	0	0	0	0	0	0	0	0	0	3	12	0	0	2	3	0	0	0	0	0	0	0	0	3	0	0	0	0	0	0	0	0	10	0	0	0	0	0	0	0	0	0	0	0	0	0	0	0	0	0	2	0	0	0	0	0
otu_00588	0	0	6	0	0	4	0	0	8	0	0	0	0	0	6	0	77	0	3	0	0	0	0	0	0	0	0	0	0	0	0	3	0	0	0	0	0	0	0	0	0	0	0	0	0	0	0	0	0	0	0	0	0	0	0	0	0	0	0	0	0	3	3	0
otu_00825	0	0	0	0	0	0	0	0	0	0	0	0	13	24	9	0	0	0	5	3	3	0	3	0	3	0	0	0	0	0	0	0	0	0	0	9	0	0	0	0	0	0	3	0	0	0	0	0	0	0	0	0	0	0	0	0	0	0	0	0	0	0	0	0
otu_00436	0	11	0	0	0	0	0	0	0	0	0	0	0	0	0	0	26	14	29	124	9	2	128	8	0	0	0	0	0	0	0	0	1	0	0	0	0	0	0	0	0	0	0	0	0	0	0	0	0	0	0	0	0	0	0	0	0	0	0	0	0	0	0	0
otu_00480	0	0	7	0	0	0	0	0	0	0	0	0	0	0	0	0	46	40	46	137	38	3	78	15	4	0	5	0	0	0	0	0	0	0	0	0	0	0	0	0	0	0	0	0	0	0	0	0	0	0	0	0	0	0	0	0	0	0	0	3	0	0	0	0
otu_01864	0	0	0	4	5	0	0	0	0	0	0	0	0	0	0	0	0	47	5	0	0	2	3	3	0	0	0	2	0	2	0	0	0	0	2	0	0	0	0	0	0	0	0	0	0	0	15	0	0	0	0	0	0	0	0	0	2	0	6	24	0	3	0	0
otu_00768	0	0	0	0	4	0	0	7	0	0	15	0	13	24	0	0	4	25	225	20	3	3	74	19	0	0	0	2	0	0	0	0	0	0	0	0	0	0	0	0	0	0	0	0	0	0	0	0	0	0	0	0	0	0	0	0	0	0	0	0	0	0	0	0
otu_00260	0	0	0	0	0	0	0	0	0	0	0	0	0	0	0	0	0	12	37	62	21	7	162	8	0	2	5	0	0	0	3	5	0	0	0	0	0	0	0	0	0	0	0	0	0	0	0	6	0	0	0	0	0	0	0	0	0	0	3	3	0	0	0	0
otu_00485	0	0	0	0	0	27	2	38	0	0	0	8	0	0	0	0	4	0	11	9	3	2	34	3	0	0	0	0	0	0	0	3	0	0	0	0	0	0	0	0	0	6	0	0	4	0	0	0	0	0	0	0	0	0	0	0	0	0	0	0	0	2	0	0
otu_00479	0	0	0	0	5	3	0	0	0	0	0	8	0	0	0	0	0	3	21	3	3	3	12	6	0	0	0	0	0	2	0	0	0	0	0	0	0	0	0	0	0	83	8	0	0	0	0	6	0	0	0	0	0	0	0	0	0	0	0	0	0	0	0	0
otu_00462	0	5	4	0	0	4	0	0	0	0	0	0	0	0	0	0	0	8	18	6	9	2	31	3	0	0	0	0	0	0	0	0	0	7	0	0	0	0	0	0	0	17	5	0	0	0	5	10	0	0	0	0	0	0	0	0	0	0	0	0	0	0	0	0
otu_01157	0	0	0	13	11	7	0	2	0	0	0	0	0	0	0	0	0	75	10	20	165	29	64	283	0	0	0	2	3	2	5	3	0	0	0	0	0	0	0	0	0	0	0	0	0	0	0	0	0	0	0	0	0	0	0	0	0	0	0	0	0	0	0	0
otu_01833	0	0	0	0	3	26	0	2	0	0	0	0	0	0	0	0	4	61	8	3	6	6	3	59	0	0	10	0	3	0	0	3	0	0	0	0	0	0	0	0	0	0	0	0	4	17	0	7	0	0	0	0	0	0	0	0	0	0	0	0	0	0	0	0
otu_00459	0	0	32	0	0	14	0	0	0	0	10	20	0	0	0	0	4	5	6	17	5	4	7	5	0	0	0	0	0	0	0	0	0	0	0	0	0	0	0	0	0	9	0	7	0	7	0	0	0	0	0	0	0	0	0	0	0	0	0	0	0	0	0	0
otu_01834	0	0	0	0	0	0	0	0	0	0	0	0	0	0	0	0	4	59	266	66	181	26	128	189	0	2	7	2	3	2	0	4	0	0	0	0	0	0	0	0	0	0	0	0	0	0	0	0	0	14	0	0	0	0	0	0	0	0	0	0	0	0	0	0
otu_00973	0	0	0	0	3	7	0	0	0	0	0	0	0	0	15	0	0	11	3	13	6	2	3	3	0	2	0	0	0	0	3	0	0	0	0	0	0	0	0	0	0	14	34	10	0	0	0	0	0	0	0	3	0	6	0	0	0	0	5	3	0	0	0	0
otu_01876	0	7	0	0	0	0	0	0	0	0	0	0	0	0	0	0	0	62	3	16	11	3	95	22	3	3	10	3	5	4	3	3	0	0	0	0	0	0	0	0	0	0	0	4	0	0	0	0	0	0	0	0	0	0	0	0	2	0	0	11	0	0	0	4
otu_00797	0	0	0	0	0	0	0	0	0	0	0	0	0	0	0	0	4	3	4	3	5	2	10	9	4	0	7	2	4	5	3	3	0	0	0	0	0	0	0	2	0	0	0	0	0	0	0	0	0	0	0	0	0	0	0	0	0	0	0	0	5	0	3	0
otu_01792	0	0	0	0	0	0	0	0	4	0	0	24	0	0	0	0	4	3	4	45	3	10	3	0	0	0	4	4	0	0	0	0	0	0	2	0	0	0	0	0	7	0	0	15	4	10	6	31	0	0	0	0	0	0	0	0	0	0	0	3	0	0	0	0
otu_00826	0	0	0	0	0	0	0	0	0	0	0	0	0	0	0	0	51	3	46	74	21	31	41	26	3	2	5	2	0	2	3	3	3	14	11	37	12	0	5	0	0	0	0	0	0	0	0	0	0	0	0	0	0	0	0	0	0	0	0	0	0	0	0	0
otu_00593	10	0	0	0	3	0	2	21	0	0	0	0	0	0	0	0	0	37	29	102	78	20	145	59	3	13	18	27	10	22	11	20	0	0	0	0	0	0	0	0	7	0	0	0	0	0	0	0	0	0	0	0	0	0	0	0	0	0	3	3	0	0	0	0
otu_00581	0	0	0	0	3	0	2	0	0	0	0	0	0	0	0	0	4	8	5	3	3	2	6	6	5	5	7	2	3	0	3	4	0	7	0	29	0	0	5	3	0	0	0	0	0	0	0	0	0	0	0	0	0	0	0	0	0	0	0	0	0	0	0	0
otu_01765	13	0	0	0	3	6	2	0	0	0	0	0	0	0	0	0	8	33	4	31	11	15	9	32	0	0	4	0	0	0	0	3	0	0	0	0	6	0	0	0	7	0	0	0	0	0	3	9	0	0	0	3	10	4	0	3	0	4	4	0	0	0	3	0
otu_00015	0	1	0	0	4	0	2	0	4	0	0	0	0	0	0	0	15	9	25	17	9	5	103	18	14	8	25	28	44	19	19	26	0	0	0	0	0	0	0	2	0	0	0	0	0	0	5	0	0	0	0	0	0	0	0	0	0	0	0	3	0	0	0	0
otu_01045	0	0	0	3	0	16	0	4	6	0	0	0	6	0	0	0	0	11	12	6	0	18	14	3	3	0	4	0	3	0	3	0	0	0	2	0	0	0	0	0	7	0	0	0	0	0	0	0	6	0	0	3	0	0	5	0	0	2	3	3	0	0	0	0
otu_01683	0	0	0	0	0	0	3	0	0	0	0	0	0	0	0	0	26	53	289	209	51	25	449	72	9	13	69	41	16	47	27	25	0	0	0	0	0	0	0	0	0	11	40	29	7	35	5	3	0	0	0	2	0	4	0	0	0	0	2	0	0	0	0	0
otu_00821	0	0	0	0	0	0	0	8	0	0	0	0	0	0	0	0	135	17	55	89	71	91	34	83	26	53	31	29	21	16	20	65	1	21	20	57	30	0	9	6	16	0	0	0	8	23	16	4	0	0	0	0	0	0	0	0	0	0	3	0	0	2	0	0
otu_01594	0	0	0	3	0	35	6	0	0	6	30	0	0	0	0	0	0	99	31	178	44	12	35	937	200	184	1132	759	1012	902	240	861	0	0	0	0	0	0	0	0	0	0	0	0	0	0	0	0	0	0	0	0	0	0	0	0	2	6	35	18	5	0	5	3
otu_01408	2	0	0	0	0	0	2	0	0	0	0	0	0	0	0	0	6	8	5	3	3	4	3	8	4	7	130	10	95	39	38	35	0	0	0	0	0	0	0	0	0	0	0	0	0	0	0	0	0	85	109	105	350	247	112	160	0	0	3	0	0	0	0	0
otu_00220	2	0	13	0	2	64	0	22	0	0	0	16	0	0	0	0	4	0	22	3	0	2	14	3	0	0	4	25	4	11	3	9	0	0	0	0	0	0	0	0	0	0	0	0	0	0	0	0	0	0	0	0	0	0	0	0	0	4	5	3	0	0	3	4
otu_01582	0	0	0	0	0	0	0	0	0	0	0	0	6	0	0	0	0	21	6	3	3	5	0	70	7	21	42	50	85	98	8	189	0	0	0	0	0	0	0	0	0	0	0	0	0	0	0	0	0	0	0	0	0	0	0	0	0	2331	3	0	0	3	3	0
otu_01847	0	0	0	0	2	0	0	0	8	0	0	0	0	24	6	0	0	0	0	3	3	2	7	20	26	7	34	27	110	14	19	33	0	0	0	0	0	0	0	0	0	0	0	0	0	0	0	0	0	0	0	0	0	0	0	0	0	0	0	0	0	0	0	0
otu_01420	0	0	0	0	0	2	0	0	0	0	0	0	0	0	0	0	4	8	0	0	0	2	0	3	3	5	73	7	45	22	17	14	0	0	0	0	0	0	0	0	0	0	0	0	0	0	0	0	0	16	17	25	69	49	8	35	0	0	0	0	0	0	0	0
otu_01642	0	0	0	0	2	3	3	3	0	0	0	8	0	0	0	0	0	0	3	0	3	0	0	6	10	3	60	12	63	19	11	16	0	0	0	0	0	0	0	0	0	0	0	0	0	0	0	0	0	0	0	0	0	3	0	0	0	0	0	0	2	0	0	0
otu_01386	4	0	0	7	7	9	6	0	0	0	0	0	0	0	0	0	0	0	3	0	0	0	0	3	3	2	25	2	10	6	5	4	0	0	0	0	0	0	0	0	0	0	0	0	0	0	0	0	0	46	21	27	108	73	33	49	0	0	0	0	0	0	0	0
otu_01655	3	0	0	0	0	0	0	0	0	0	0	0	0	0	0	0	0	14	3	0	5	6	3	40	7	16	105	41	80	77	30	114	0	0	0	0	0	0	0	0	0	0	0	0	0	0	0	0	0	0	0	0	0	0	0	0	0	0	0	0	0	0	0	0
otu_01691	0	0	0	0	0	0	0	0	0	0	0	0	0	0	0	0	0	0	4	5	3	8	9	8	8	34	90	73	510	22	7	40	0	0	0	0	0	0	0	0	0	0	0	0	0	0	0	0	0	0	0	0	0	0	0	0	0	0	0	0	0	0	0	3
otu_01661	0	0	0	9	3	0	0	0	4	0	10	16	0	0	0	0	0	0	3	0	0	6	5	3	16	12	18	24	31	5	5	26	0	0	0	0	0	0	0	0	0	0	0	0	0	0	0	0	0	0	0	0	0	0	0	0	0	0	0	0	0	0	0	0
otu_00596	0	0	0	0	0	7	0	0	0	0	0	0	0	0	0	0	0	3	4	0	3	2	3	6	6	5	39	41	207	30	14	28	0	0	0	0	0	0	0	0	0	0	0	0	0	0	0	0	0	0	0	0	0	0	0	0	0	0	0	0	0	0	0	0
otu_01773	0	0	0	0	0	0	0	0	0	0	0	0	0	0	0	0	0	3	3	0	0	4	3	6	4	6	145	41	647	28	13	26	0	0	0	0	0	0	0	0	0	0	0	0	0	0	0	0	0	0	0	0	0	0	0	0	0	0	0	0	0	0	0	0
otu_01696	0	0	0	0	0	0	0	0	0	0	0	0	0	0	0	0	0	3	5	0	0	0	9	6	12	15	113	26	365	14	3	7	0	0	0	0	0	0	0	0	0	0	0	0	0	0	0	0	0	0	0	0	0	0	0	0	0	0	0	0	0	0	0	0
otu_00422	0	0	0	0	0	0	0	0	4	0	0	16	0	16	0	0	0	5	3	3	3	2	0	5	4	6	28	17	143	39	15	16	0	0	0	0	0	0	0	0	0	0	0	0	0	0	0	0	0	0	0	0	0	0	0	0	0	0	0	0	0	0	0	0
otu_01647	0	0	0	0	0	0	0	0	0	0	0	0	0	0	0	0	0	9	9	0	8	6	0	13	14	9	125	21	328	18	34	53	0	0	0	0	0	0	0	0	0	0	0	0	0	0	0	0	0	0	0	0	0	0	0	0	0	0	0	0	0	0	0	0
otu_01843	4	0	7	0	4	0	0	0	0	0	0	0	0	0	0	0	0	0	0	3	5	7	0	50	10	0	4	5	3	3	3	3	0	0	0	0	0	0	0	0	0	0	0	0	0	0	0	0	0	0	0	0	0	0	0	0	0	0	0	0	0	0	0	0
otu_01690	2	0	2	8	0	0	0	7	0	0	0	0	0	0	0	0	0	0	0	0	3	2	0	5	3	5	28	12	23	18	7	23	0	0	0	0	0	0	0	0	0	0	0	0	0	0	0	0	0	0	0	0	0	0	0	0	0	0	0	0	0	0	0	0
otu_01766	0	0	0	0	0	5	0	0	0	0	0	0	0	0	0	0	0	5	0	0	0	2	3	3	20	2	23	28	26	13	31	16	0	0	0	0	0	0	0	0	0	0	0	0	0	0	0	0	0	0	0	0	0	0	0	0	0	0	0	0	0	0	0	0
otu_00599	0	0	0	0	0	0	0	0	10	0	0	20	0	206	0	4	0	0	0	0	0	0	3	3	4	2	4	7	24	12	4	5	0	0	0	0	0	0	0	0	0	0	0	0	0	0	0	0	0	0	0	0	0	0	0	0	0	0	0	0	0	0	0	0
otu_01838	0	0	0	0	0	0	0	0	0	0	0	0	0	0	0	0	0	9	4	0	0	4	3	3	0	5	9	2	371	4	19	11	0	0	0	0	0	0	0	0	0	0	0	0	0	0	0	0	0	0	0	0	0	0	0	0	0	0	0	0	0	0	0	0
otu_01649	0	0	0	0	0	0	0	0	0	0	0	0	0	0	0	0	0	0	0	0	0	2	3	3	3	9	60	6	100	3	4	31	0	0	0	0	0	0	0	0	0	0	0	0	0	0	0	0	0	0	0	0	0	0	0	0	0	0	0	0	0	0	0	0
otu_01674	0	0	0	0	0	0	0	0	0	0	0	0	0	0	0	0	0	3	0	0	0	0	5	3	8	11	36	11	96	14	4	15	0	0	0	0	0	0	0	0	0	0	0	0	0	0	0	0	0	0	0	0	0	0	0	0	0	0	0	0	0	0	0	0
otu_00259	0	0	0	0	0	0	0	0	0	0	0	0	0	0	0	0	0	0	3	0	3	2	0	3	6	2	25	28	52	5	3	3	0	0	0	0	0	0	0	0	0	0	0	0	0	0	0	0	0	0	0	0	0	0	0	0	0	0	0	0	0	0	0	0
otu_01645	0	0	0	0	0	0	0	0	0	0	0	0	0	0	0	0	0	0	3	0	0	0	5	9	4	8	23	12	93	2	13	22	0	0	0	0	0	0	0	0	0	0	0	0	0	0	0	0	0	0	0	0	0	0	0	0	0	0	0	3	0	0	0	0
otu_01694	0	0	2	0	0	0	0	0	0	0	0	0	0	0	0	0	0	0	0	0	11	2	0	5	18	5	9	9	37	6	4	16	0	0	0	0	0	0	0	0	0	0	0	0	0	0	0	0	0	0	0	0	0	0	0	0	0	0	0	0	0	0	0	0
otu_01704	0	0	0	0	0	0	0	0	0	0	0	0	0	0	0	0	0	0	8	0	0	2	0	3	8	17	21	13	147	16	3	11	0	0	0	0	0	0	0	0	0	0	0	0	0	0	0	0	0	0	0	0	0	0	0	0	0	0	0	0	0	0	0	0
otu_01867	0	0	0	0	0	0	0	0	0	0	0	0	0	0	0	0	0	0	3	0	3	2	0	6	15	2	21	2	36	2	22	25	0	0	2	0	0	0	0	0	0	0	0	0	0	0	0	0	0	0	0	0	0	0	0	0	0	0	0	0	0	0	0	0
otu_01689	0	0	0	0	0	0	0	2	0	0	0	0	0	0	0	0	0	0	0	3	0	0	16	9	0	4	13	13	57	2	7	7	0	0	0	0	0	0	0	0	0	0	0	0	0	0	0	0	0	0	0	0	0	0	0	0	0	0	0	3	0	0	0	0
otu_00333	0	0	0	0	0	0	0	0	0	0	0	0	0	0	0	0	0	0	0	0	3	0	0	3	7	7	103	22	146	10	13	27	0	0	0	0	0	0	0	0	0	0	0	0	0	0	0	0	0	0	0	0	0	0	0	0	0	0	0	0	0	0	0	0
otu_01725	0	0	0	0	0	0	0	0	0	0	15	8	0	0	0	0	0	0	0	0	0	0	0	3	5	5	9	13	41	22	15	4	0	0	0	0	0	0	0	0	0	0	0	0	0	0	0	0	0	0	0	0	0	3	0	0	0	0	0	0	0	0	0	0
otu_01913	0	0	0	0	0	0	0	0	0	0	0	0	0	0	0	0	0	5	0	0	0	2	0	0	17	0	7	3	52	9	8	9	0	0	0	0	0	0	0	0	0	0	0	0	0	0	0	0	0	0	0	0	0	0	0	0	0	0	0	0	0	0	0	0
otu_01741	0	0	0	0	0	0	0	0	4	6	0	0	0	0	0	0	0	0	4	0	0	7	0	3	0	12	10	2	195	0	3	4	0	0	0	0	0	0	0	0	0	0	0	0	0	0	0	0	0	0	0	0	0	0	0	0	0	0	0	0	0	0	0	0
otu_01848	0	375	2	0	0	0	2	0	0	0	0	0	0	0	0	0	0	0	3	0	0	0	0	0	0	3	15	2	3	0	0	0	0	0	0	0	0	0	0	0	0	0	0	0	0	0	0	0	0	0	0	0	0	0	0	0	0	0	0	0	0	0	0	0
otu_01832	0	0	0	91	0	0	0	36	0	0	0	0	6	0	0	0	4	0	0	0	0	2	0	0	0	9	4	0	0	0	0	0	0	0	0	0	0	0	0	0	0	0	0	0	0	0	0	0	0	0	0	0	0	0	0	0	0	0	0	0	0	0	0	0
otu_00566	0	3	0	0	0	0	0	0	0	0	0	0	0	0	0	0	0	5	0	5	0	0	0	0	0	0	0	0	0	0	0	0	0	0	0	0	0	0	0	0	0	0	0	0	0	0	0	0	0	0	0	0	0	0	0	0	0	0	0	0	0	0	0	0
otu_01728	0	1	0	35	0	0	0	0	0	0	0	0	0	0	0	0	0	0	0	0	0	0	0	0	0	0	0	0	0	0	0	0	0	0	0	0	0	0	0	0	0	0	0	0	0	0	0	0	0	0	0	0	0	0	0	0	0	0	0	0	0	0	0	0
otu_00586	0	0	2	0	2	0	0	0	0	0	0	0	0	0	0	0	0	0	0	0	3	0	0	0	0	0	5	0	0	0	0	0	0	0	0	9	0	0	0	0	0	0	0	0	0	0	0	0	0	0	0	0	0	0	0	0	0	0	0	0	0	0	0	0
otu_00935	6	3	15	0	0	15	0	0	0	0	0	0	0	0	0	0	0	0	0	0	0	0	0	0	0	0	0	0	0	0	0	0	0	0	0	0	0	0	0	0	0	0	0	0	0	0	0	0	0	0	0	0	0	0	4	0	0	0	43	15	0	0	0	0
otu_00791	0	0	0	11	10	9	4	104	0	0	0	0	0	0	0	0	0	0	0	0	0	0	0	0	0	0	0	0	0	0	0	0	0	0	0	0	0	0	0	0	0	0	0	0	0	0	0	0	0	0	0	0	0	0	0	0	0	0	5	0	0	0	0	0
otu_00127	19	0	0	32	30	0	10	0	0	0	0	0	0	0	0	0	0	0	0	0	0	0	0	0	0	0	4	0	0	11	0	6	0	0	0	0	0	0	0	0	0	0	0	0	0	0	5	0	0	0	0	0	0	0	0	0	0	0	0	0	0	0	0	0
otu_01409	0	1	0	7	11	0	0	0	0	0	0	0	0	16	0	0	0	0	0	0	0	0	0	0	0	0	0	0	0	0	0	0	0	0	0	0	0	0	0	0	0	0	0	0	0	0	0	0	0	0	0	0	0	0	0	0	0	0	36	22	0	0	4	11
otu_01866	13	0	38	12	3	28	7	40	0	0	0	0	0	0	0	0	0	0	0	0	0	0	0	0	0	0	0	0	0	0	0	0	0	0	0	0	0	0	0	0	0	0	0	0	0	0	0	0	0	0	0	0	0	0	0	0	0	0	0	0	0	0	0	0
otu_00227	0	3	8	0	62	7	2	0	0	0	0	0	0	0	0	0	0	0	0	0	0	0	0	0	0	0	0	7	0	0	0	0	0	0	0	0	0	0	0	0	0	0	0	0	0	0	0	0	0	0	0	0	0	0	0	0	0	25	133	12	0	2	0	0
otu_01177	0	0	0	7	4	0	42	0	0	0	10	0	0	0	0	0	0	0	0	0	0	0	0	0	0	0	0	0	0	0	0	0	0	0	0	0	0	0	0	0	0	0	0	0	0	0	0	0	3	0	0	0	0	0	0	0	0	0	0	0	0	0	0	0
otu_01478	0	1	0	11	26	13	2	5	0	0	0	0	0	0	0	0	0	0	0	0	0	0	0	0	0	0	0	0	0	0	0	0	0	0	0	0	0	0	0	0	0	0	0	0	0	0	0	0	0	0	0	0	22	0	4	0	0	2	4	0	0	3	0	0
otu_01669	2	0	2	4	2	0	0	5	0	0	0	0	0	0	0	0	0	0	0	0	0	0	0	0	0	0	0	0	0	0	0	0	0	0	0	25	0	0	0	0	0	0	0	0	0	0	0	7	0	0	0	0	0	0	0	0	0	0	3	0	0	0	3	0
otu_00276	17	8	194	69	30	0	6	7	0	0	0	0	0	0	0	0	0	0	0	0	0	0	0	0	0	0	0	0	0	0	0	0	0	0	0	0	0	0	0	0	0	0	0	0	0	0	0	0	0	4	0	0	0	0	0	0	0	0	0	6	0	0	0	0
otu_01119	0	2	0	3	4	54	2	35	0	0	0	0	0	0	0	0	0	0	0	0	0	0	0	0	0	0	0	0	0	0	0	0	0	0	0	0	0	0	0	0	38	0	0	0	0	9	0	14	0	0	0	0	4	3	0	0	0	0	0	3	0	0	0	0
otu_00663	0	42	0	265	206	3	22	16	0	0	0	0	0	0	0	0	0	0	0	0	0	0	0	0	0	0	0	0	0	0	0	0	0	0	0	0	0	0	0	0	16	0	0	0	0	0	0	0	0	0	0	0	0	0	0	0	0	4	2	0	0	0	0	3
otu_01515	0	67	2	26	63	3	9	4	0	0	0	0	0	0	0	0	0	0	0	5	0	0	0	0	0	0	0	0	0	0	0	0	0	0	0	0	0	0	0	0	0	0	0	0	0	0	0	0	0	0	0	0	0	0	0	0	0	0	3	0	0	0	0	0
otu_01641	0	0	0	0	3	6	2	0	0	0	0	16	0	0	0	0	0	0	0	0	0	0	0	0	0	0	4	0	0	5	0	0	0	0	0	0	0	0	0	0	34	0	0	4	3	85	0	10	0	0	0	0	0	0	0	0	0	0	0	0	0	0	0	0
otu_00359	5	0	0	27	5	2	2	0	0	0	0	0	0	0	0	0	0	0	9	0	0	0	0	0	0	0	0	0	0	0	0	0	0	0	0	0	0	0	0	0	0	6	5	5	0	0	5	0	0	0	0	0	0	0	0	0	0	2	14	43	0	0	0	0
otu_01576	10	40	20	130	101	0	59	22	4	0	10	0	0	0	0	4	0	0	0	0	0	0	0	0	0	0	0	6	0	6	0	0	0	0	0	0	0	0	0	0	0	0	0	0	0	0	0	0	0	0	0	0	0	0	0	0	0	0	0	0	0	0	0	0
otu_01874	423	1	10	21	30	4	147	7	0	0	0	0	0	0	0	0	0	0	0	0	3	0	0	0	0	0	7	0	0	5	7	0	0	0	0	0	0	0	0	0	0	0	0	0	0	0	0	0	0	0	0	0	0	0	4	0	0	0	0	0	0	0	0	0
otu_01648	19	0	0	12	14	37	29	4	4	0	0	8	0	0	6	0	0	0	0	0	0	0	0	0	0	0	0	0	0	0	0	0	0	0	0	0	0	0	0	2	0	0	0	0	0	5	5	0	0	0	0	0	0	0	0	0	0	0	0	0	0	0	0	0
otu_01789	7	4	47	0	7	2	0	0	0	0	0	0	0	0	0	0	0	0	0	0	0	0	3	0	0	0	7	0	0	0	0	0	0	0	0	0	0	0	0	0	0	0	0	0	0	0	0	0	0	28	4	0	4	0	0	13	0	0	0	6	0	0	0	0
otu_00952	0	67	2	26	10	2	14	13	0	9	20	20	0	0	0	0	0	0	0	0	0	0	0	0	0	0	0	0	0	0	0	0	0	0	0	0	0	0	0	0	0	0	0	0	0	0	0	6	0	0	0	0	0	0	0	0	0	0	2	0	0	0	0	0
otu_01726	2	0	2	4	2	13	0	13	0	0	0	12	0	0	0	0	0	0	0	0	0	0	0	0	0	0	0	3	0	0	0	0	0	0	0	0	0	0	0	0	53	0	0	0	0	18	10	30	0	0	0	0	0	3	0	0	0	0	0	0	0	0	0	0
otu_01547	2	1	56	0	0	0	0	2	0	0	0	0	0	24	0	0	0	0	0	3	6	12	0	0	0	0	0	0	0	2	0	0	0	0	0	0	0	0	0	0	7	9	4	4	0	7	0	0	0	0	0	0	0	0	0	0	0	0	0	0	0	0	0	0
otu_01609	17	86	72	0	10	0	2	0	0	0	0	0	0	0	0	0	0	0	0	0	0	0	0	0	0	0	0	0	3	0	0	0	0	0	0	0	0	0	0	0	16	0	0	0	50	32	127	96	0	0	0	0	0	0	0	3	0	0	0	0	0	0	0	0
otu_01891	12	0	22	0	4	2	2	0	0	0	0	0	0	0	0	0	0	5	11	0	8	72	6	48	0	0	0	0	3	0	7	7	0	0	0	0	0	0	0	0	0	0	0	0	0	0	0	0	0	0	0	0	0	0	0	0	0	0	0	0	0	0	0	0
otu_00133	4	1	4	181	137	0	8	5	0	0	0	0	0	0	0	0	0	0	0	0	0	2	0	0	5	0	4	0	8	18	3	0	0	0	0	0	0	0	0	0	0	0	0	0	0	5	3	0	0	0	0	0	0	0	0	0	0	0	0	0	0	0	0	0
otu_01716	188	2	19	324	290	51	277	41	0	0	0	0	0	0	0	0	0	0	0	0	0	2	5	0	0	0	7	0	0	0	3	3	0	0	0	0	0	0	0	0	0	0	0	0	0	0	0	0	0	0	0	0	0	0	0	0	0	0	0	0	0	0	0	0
otu_00721	0	30	5	3	0	0	5	11	0	0	0	0	0	16	0	0	0	0	0	0	0	0	0	0	0	0	0	2	0	0	0	0	0	0	0	0	0	0	0	0	0	0	0	0	0	0	0	0	0	0	0	0	0	0	0	0	0	50	0	52	2	9	0	0
otu_00263	2	6	17	16	12	4	4	0	0	0	0	0	0	0	0	0	0	0	0	0	0	0	5	0	0	0	17	3	4	0	27	0	0	0	0	0	0	0	0	0	0	0	0	0	0	0	0	0	0	0	0	0	7	0	0	0	0	0	0	23	0	0	0	0
otu_01474	15	1	4	0	2	4	2	0	0	0	0	0	0	0	0	0	0	0	0	0	0	0	0	0	0	0	0	2	0	0	0	0	0	0	0	0	0	0	0	0	0	0	0	0	0	5	0	0	34	0	0	0	7	8	13	0	2	0	0	0	0	46	0	3
otu_01462	0	11	0	3	4	7	2	0	4	6	0	8	0	0	0	0	0	0	0	0	0	0	0	0	0	0	4	4	0	0	0	6	0	0	0	0	0	0	0	0	0	0	0	0	0	0	0	0	0	0	0	0	0	3	0	0	0	20	2	0	0	0	0	0
otu_00004	2	0	0	3	4	0	2	0	0	0	35	8	19	0	0	0	0	0	0	0	0	0	0	0	0	0	0	0	0	0	0	0	0	0	0	9	0	0	0	0	0	11	0	5	0	0	0	0	3	0	0	0	0	0	0	0	0	2	0	0	0	0	0	0
otu_01571	4	3	7	3	3	19	5	22	4	0	0	8	0	0	0	0	0	0	0	0	0	0	0	0	0	0	0	2	0	0	0	0	0	0	0	0	0	0	0	0	31	0	0	0	0	0	0	7	0	0	0	0	4	0	0	0	0	0	0	0	0	0	0	0
otu_01875	31	3	2	3	0	6	0	4	0	0	0	0	0	0	0	0	0	0	0	0	0	0	0	0	0	0	0	0	0	0	0	0	0	0	0	0	0	0	0	0	0	0	0	0	0	0	0	0	0	25	0	0	0	32	4	0	0	0	0	146	0	10	9	16
otu_00404	0	0	0	8	8	7	4	11	0	0	0	0	0	0	0	0	0	0	0	0	0	0	3	0	0	0	0	0	0	0	0	0	0	0	2	0	0	0	0	0	10	11	11	10	0	0	3	0	0	0	0	0	0	8	0	0	0	0	21	4	0	0	0	0
otu_00469	0	0	2	3	6	0	0	3	0	0	0	0	0	0	0	0	4	87	6	6	74	0	0	10	0	0	0	0	0	0	0	0	0	0	0	0	0	0	0	0	0	0	0	0	0	0	0	0	0	0	0	0	0	0	0	0	3	0	40	0	0	2	5	3
otu_01835	13	118	6	0	0	8	2	6	0	0	0	0	0	0	0	0	0	0	0	0	0	0	0	0	0	0	0	3	0	0	0	0	0	0	0	0	0	0	0	2	0	0	0	0	0	0	0	0	0	0	0	0	0	0	0	8	2	8	4	4	5	0	3	5
otu_01841	16	4	61	7	11	0	0	0	0	0	0	8	0	0	0	0	0	24	0	9	12	2	37	26	0	2	0	0	0	3	4	0	0	0	0	0	0	0	0	0	0	0	0	0	0	0	0	0	0	0	0	0	0	0	0	0	0	0	9	3	0	0	0	0
otu_00232	0	0	3	24	13	23	2	6	0	0	0	0	0	0	0	0	0	0	0	0	0	0	5	0	0	0	0	2	0	0	0	0	0	0	0	0	0	0	0	0	0	0	0	0	0	0	0	0	0	0	0	3	8	6	0	0	2	79	154	7	0	4	9	0
otu_01750	3	0	3	16	2	6	2	5	0	0	0	0	0	0	0	0	0	0	0	0	0	0	5	0	0	0	0	5	0	0	3	3	0	0	0	0	0	0	0	0	0	0	0	0	0	0	0	0	0	0	0	0	0	0	0	0	2	8	3	13	0	3	0	0
otu_01656	37	9	178	0	0	5	2	8	0	0	20	0	0	0	0	0	6	0	0	0	0	0	0	0	0	0	0	0	0	3	0	0	0	0	0	0	0	0	0	0	0	0	0	0	0	0	0	0	0	4	4	0	4	0	0	0	2	3	38	68	0	15	0	0
otu_00572	273	52	916	0	10	7	2	0	0	0	0	0	0	0	0	0	0	0	0	5	8	28	27	0	0	0	4	0	0	0	0	3	0	0	0	0	0	0	0	0	0	0	0	0	4	0	3	0	0	7	0	0	0	0	7	0	3	3	0	0	0	0	0	0
otu_01597	4	3	4	9	6	10	2	21	0	0	0	0	0	0	0	0	0	0	0	0	3	0	0	0	0	0	9	0	0	0	3	0	0	0	0	0	0	0	0	0	115	0	0	13	3	4	0	13	0	0	0	0	0	0	0	0	0	0	0	0	0	0	0	4
otu_01793	8	25	3	19	20	45	7	7	4	0	25	0	0	0	0	0	0	0	0	0	0	0	0	0	0	0	5	0	0	0	0	0	0	7	0	0	0	0	0	0	34	0	0	0	4	32	3	31	0	0	0	2	5	0	0	0	0	0	0	0	0	0	0	0
otu_01208	3	2	4	0	4	0	17	0	0	0	0	0	0	0	0	4	10	0	0	0	0	0	9	0	0	0	0	5	0	3	0	0	0	0	0	0	0	0	0	0	0	0	0	0	0	0	0	0	0	23	3	0	21	0	0	0	2	0	0	32	0	13	0	3
otu_01175	2	3	0	16	11	2	103	0	0	0	0	0	6	0	0	0	0	0	0	0	0	0	0	0	0	0	0	2	0	0	0	0	0	0	0	0	0	0	0	0	0	6	6	0	0	0	0	0	35	23	2	2	0	0	10	8	0	0	0	0	0	0	0	0
otu_00662	2	4	4	13	8	13	2	2	0	0	0	0	0	0	0	0	0	0	0	0	0	0	0	0	0	0	0	5	0	0	3	3	0	0	0	0	0	0	0	0	0	0	0	0	3	0	0	0	68	0	0	0	5	16	80	16	0	0	2	17	0	0	6	0
otu_01264	0	67	2	26	8	4	5	0	0	6	0	0	6	0	0	0	0	0	0	0	3	0	0	0	0	0	0	2	0	0	0	0	0	0	0	0	0	0	0	2	0	0	0	0	0	0	0	0	3	0	61	77	4	149	0	0	0	0	3	9	0	0	0	0
otu_00168	4	5	4	8	34	33	12	17	0	0	0	0	0	0	0	0	0	0	0	0	0	0	0	0	0	0	5	0	0	0	0	0	0	0	0	0	0	0	0	0	0	28	50	60	3	0	0	0	0	0	6	7	8	24	0	6	0	0	0	0	0	0	0	0
otu_00937	4	5	4	8	0	4	4	0	0	0	0	0	11	0	0	0	0	0	0	10	3	0	0	0	0	0	5	0	0	0	0	0	0	0	0	0	0	0	0	0	0	0	0	0	0	0	0	0	0	0	0	0	0	0	0	0	2	11	13	5	4	12	4	5
otu_01748	5	5	6	6	9	13	3	15	0	0	0	0	8	0	0	0	0	0	0	0	0	4	5	0	0	0	0	3	0	0	0	0	0	0	0	0	0	0	0	0	75	6	0	0	3	7	5	5	0	0	0	0	0	4	0	0	0	0	0	0	0	0	0	0
otu_01604	6	8	16	17	27	83	17	38	8	0	0	0	0	127	0	0	0	3	0	3	0	0	0	0	0	0	7	0	0	0	0	0	0	0	0	0	0	0	0	0	68	9	0	7	0	14	0	6	0	0	0	0	0	0	0	0	0	0	0	4	0	0	0	0
otu_00250	9	13	10	0	0	6	10	75	0	6	10	0	0	0	0	0	0	0	0	3	0	0	0	0	0	0	5	14	0	4	0	6	0	0	0	0	0	0	0	0	0	0	0	0	0	0	0	3	12	0	0	5	0	0	11	0	2	27	2	0	0	7	0	0
otu_01342	4	5	4	8	106	4	2	7	4	9	10	0	8	24	0	0	0	0	0	0	0	0	3	0	0	0	0	0	0	0	0	0	0	0	0	0	0	0	0	0	0	0	0	0	0	0	3	0	0	0	0	0	5	0	0	0	0	0	9	0	0	2	4	4
otu_00160	0	1	2	9	22	112	12	43	0	23	30	12	0	0	15	0	0	20	0	0	0	0	0	0	0	2	0	2	4	0	0	0	0	0	0	0	0	0	0	0	0	0	0	0	0	0	0	0	0	13	2	0	55	0	7	4	0	0	0	0	0	0	0	0
otu_01593	31	19	19	53	42	74	40	65	0	0	20	8	11	0	0	0	0	0	0	0	0	0	0	0	0	0	0	2	0	0	0	0	0	0	2	0	0	0	0	0	121	6	0	13	0	0	0	7	0	0	0	0	0	3	0	0	0	0	2	0	0	0	0	0
otu_01487	53	0	12	6	2	7	5	4	4	0	10	0	0	0	0	0	0	0	0	0	0	0	0	0	0	0	0	0	0	0	0	0	0	0	0	0	0	0	0	0	0	0	0	0	0	0	0	3	21	0	0	0	32	0	16	0	3	4	6	30	0	83	11	10
otu_01682	21	11	13	43	20	52	14	24	4	0	15	31	6	0	0	0	0	0	3	3	0	0	0	0	0	0	0	0	3	0	3	0	0	0	0	0	0	0	0	0	25	11	8	5	0	9	0	7	0	0	0	0	0	0	0	0	0	0	0	3	0	0	0	0
otu_01574	2	3	6	3	3	37	25	8	4	0	0	16	0	0	0	0	0	0	0	0	0	6	0	0	0	0	0	7	0	0	3	3	0	0	0	0	0	0	0	2	25	6	7	0	0	5	3	14	0	0	0	3	0	0	0	0	0	0	0	0	0	0	0	0
otu_00472	0	22	63	0	3	2	2	0	10	17	10	50	0	0	31	0	0	0	9	17	0	0	0	5	0	0	0	0	3	0	0	0	0	0	0	0	0	0	0	0	0	14	4	10	6	0	0	3	0	0	0	0	0	0	0	6	0	7	0	0	0	0	0	0
otu_01657	0	0	0	3	3	14	2	24	12	17	65	62	26	0	15	0	0	0	0	0	5	0	14	0	0	0	0	0	0	0	0	0	0	0	0	0	0	0	0	0	22	0	4	0	0	0	26	3	0	0	0	2	8	6	0	4	0	2	2	0	0	0	0	0
otu_00343	7	20	15	26	16	34	44	9	6	0	20	24	0	0	0	0	0	0	0	0	0	0	3	0	0	0	12	0	10	16	0	6	0	0	2	0	0	0	0	0	22	0	0	0	0	66	0	18	0	0	0	0	0	0	0	0	0	0	6	0	0	3	0	0
otu_00666	2	5	0	4	6	10	5	9	42	0	25	0	0	0	0	0	0	0	0	0	3	0	6	0	0	0	0	0	0	0	0	0	0	0	0	0	0	0	0	0	0	0	0	0	0	5	12	6	388	6	0	0	10	49	61	11	0	0	0	40	0	0	5	3
otu_00555	4	0	8	3	15	4	2	0	12	17	25	31	11	40	12	4	0	0	33	0	0	0	0	0	0	0	4	0	0	2	0	0	0	21	5	0	6	0	0	3	0	31	45	53	0	0	0	0	0	0	0	0	0	0	0	0	0	0	4	0	0	0	0	0
otu_00194	16	6	0	17	12	0	4	0	10	23	149	112	47	48	9	38	0	0	5	0	0	3	9	0	0	6	0	0	0	0	0	3	0	7	2	0	6	0	0	0	0	0	0	0	0	0	0	0	4	0	6	3	0	0	0	8	0	2	0	0	3	5	0	0
otu_01079	5	0	0	27	21	5	6	15	8	0	20	8	0	0	6	0	0	0	12	0	0	0	0	0	0	0	0	0	0	0	0	0	0	0	0	0	0	0	0	0	19	0	0	0	35	63	117	203	0	6	4	5	7	4	4	6	4	31	96	66	0	21	27	15
otu_01275	7	0	7	4	11	0	2	3	4	12	15	16	0	0	0	0	0	0	16	0	12	0	6	0	0	0	0	0	0	3	0	0	0	0	0	0	0	0	0	0	13	0	0	0	0	0	5	0	6	0	340	343	5	467	0	0	0	2	25	11	2	0	8	7
otu_01083	2	2	2	12	11	15	8	5	10	0	20	0	13	0	15	0	0	0	0	0	8	4	0	0	0	0	12	0	0	0	0	0	0	0	5	0	0	0	0	0	84	6	16	0	28	43	47	351	0	0	0	0	10	3	4	6	0	0	12	0	0	0	3	16
otu_00569	12	3	26	16	38	0	4	0	10	15	40	35	11	119	0	0	0	0	3	6	0	0	0	0	6	0	4	0	9	5	0	0	0	31	7	29	6	0	7	2	0	550	531	445	0	0	0	0	10	0	0	0	0	0	10	0	0	0	0	8	0	0	0	0
otu_01182	2	1	5	11	8	18	73	11	0	15	10	0	29	0	0	0	0	0	0	5	0	0	0	0	0	0	0	0	0	0	0	0	5	0	0	0	0	0	0	0	0	11	3	12	3	0	0	3	125	11	2	4	4	0	42	7	3	0	0	8	0	3	4	4
otu_00209	3	0	7	58	83	22	15	14	4	6	15	66	34	16	9	0	0	0	0	0	5	0	5	0	0	0	13	0	0	0	0	6	0	7	3	13	0	0	0	0	13	61	3	0	11	18	12	44	0	0	0	2	0	0	10	0	0	11	25	11	4	0	11	10
otu_01439	5	36	3	12	52	10	8	4	4	9	20	0	19	0	9	5	0	0	0	3	0	0	6	0	0	0	0	0	16	3	0	0	0	0	0	0	0	0	0	0	7	0	0	0	3	0	5	9	4	0	6	4	10	3	58	0	0	63	23	32	0	5	451	96
otu_01210	27	34	202	19	19	23	204	18	4	6	0	0	24	0	0	0	0	0	0	0	0	2	0	0	0	7	7	61	0	12	0	3	6	0	0	0	0	0	0	0	0	0	9	0	0	0	8	0	15	345	48	55	18	0	55	153	4	0	4	151	0	33	0	3
otu_01797	127	49	1661	147	232	17	33	125	6	0	15	0	13	16	0	0	0	0	0	0	0	0	6	0	3	0	4	2	0	5	0	0	0	0	0	0	0	0	0	0	0	0	0	0	6	22	51	4	0	219	12	56	641	12	8	38	24	3	531	240	22	89	100	211
otu_01466	8	5	3	167	152	19	17	10	4	63	20	8	0	16	23	0	0	0	0	0	0	0	0	0	0	0	0	0	3	0	0	0	1	0	4	0	9	0	0	0	0	14	21	12	0	0	10	0	0	6	2	5	24	4	7	3	4	41	13	31	4	6	24	53
otu_01041	2	0	0	7	0	70	0	0	20	15	55	0	58	56	34	7	0	0	0	3	0	11	0	3	0	0	5	0	4	2	0	0	0	0	0	0	0	0	0	0	0	0	16	15	0	0	0	0	6	0	6	19	13	7	4	4	0	0	20	11	0	0	3	0
otu_01758	0	6	0	62	47	0	2	0	14	20	55	123	13	0	15	0	0	6	10	7	0	0	6	5	0	0	4	0	0	0	0	0	0	0	0	0	0	0	0	0	0	0	0	5	0	0	10	7	0	7	2	2	97	0	4	11	0	6	0	4	0	0	0	5
otu_00954	4	0	3	0	0	18	2	12	22	34	50	35	16	40	20	7	0	3	0	16	0	0	0	3	0	0	5	0	0	0	0	0	0	0	2	0	0	0	0	0	7	0	0	0	0	0	5	5	0	0	0	0	0	0	0	0	0	3	14	5	0	0	0	0
otu_00145	0	0	0	0	0	3	0	2	32	6	20	35	11	32	17	12	0	0	0	0	0	0	0	0	0	0	0	0	0	0	0	0	0	0	0	0	0	0	0	0	0	9	0	4	0	0	5	0	0	0	0	0	10	0	0	0	2	29	3	0	2	3	35	10
otu_01638	0	3	7	32	48	39	7	3	32	6	124	12	68	72	26	7	0	0	0	0	0	2	3	3	0	0	0	0	0	0	0	0	0	0	0	0	0	0	0	0	0	0	0	4	0	0	0	3	0	0	0	0	0	0	0	0	0	0	0	0	0	0	0	0
otu_00740	0	0	0	0	0	0	0	0	8	20	45	39	99	48	15	4	0	3	0	0	0	0	0	0	0	0	0	0	0	0	0	0	0	0	3	37	27	1	20	2	0	0	0	0	0	0	0	0	0	0	4	0	4	0	10	0	0	0	0	8	0	0	0	0
otu_01633	0	1	12	3	21	16	8	2	97	9	476	135	148	388	99	44	0	0	0	0	0	0	0	6	0	0	0	2	0	0	0	0	0	0	0	0	0	0	0	0	0	14	0	0	0	0	0	0	0	0	0	0	0	0	0	0	0	0	0	0	0	0	0	0
otu_00156	0	0	0	0	0	0	0	3	24	0	25	20	13	32	20	7	0	8	0	0	0	0	3	3	0	0	0	0	0	0	0	0	0	0	0	0	0	0	0	0	0	11	0	4	0	0	0	0	0	0	0	0	7	0	0	0	0	15	0	0	0	3	23	8
otu_01043	0	0	0	0	0	14	0	3	8	9	25	31	16	0	0	0	0	0	6	0	0	0	0	0	0	0	4	0	0	0	0	0	0	0	0	0	0	0	0	0	7	0	0	0	6	5	0	14	0	0	0	12	7	7	5	0	0	0	0	0	0	0	0	3
otu_01168	0	0	0	0	0	0	8	0	144	255	476	24	180	293	59	34	0	0	0	3	0	0	0	0	0	0	0	0	0	0	0	0	0	0	0	0	0	0	0	0	0	11	0	5	0	0	0	0	9	0	0	0	0	0	4	0	0	0	0	0	0	0	0	0
otu_01732	0	12	0	0	0	0	8	0	6	0	80	0	19	16	0	0	0	0	0	7	0	0	3	0	0	0	0	2	0	0	0	0	0	0	0	0	0	0	0	0	0	25	12	9	0	0	0	0	6	0	0	6	0	7	5	0	0	0	0	0	0	0	0	0
otu_01611	0	3	0	0	0	0	2	12	6	0	25	12	6	0	6	4	0	0	0	0	0	0	0	0	0	0	0	0	0	0	0	0	0	0	0	0	0	0	0	0	0	0	0	0	0	0	0	0	2	13	0	0	0	0	44	0	0	24	0	0	0	20	0	0
otu_00776	2	0	0	0	0	8	0	0	6	40	45	12	45	143	23	4	0	0	0	0	0	0	0	0	0	0	0	5	3	2	0	0	0	0	0	0	0	0	0	0	0	0	0	0	0	0	0	0	0	0	0	0	0	0	0	0	0	0	0	0	0	0	0	0
otu_01873	0	0	0	0	0	0	0	0	0	12	20	50	0	0	12	10	0	3	0	0	0	0	3	0	6	0	28	13	39	0	8	7	0	0	0	0	0	0	0	0	7	0	0	0	0	0	0	0	0	0	0	0	0	0	0	0	0	0	0	0	0	0	0	0
otu_01184	0	0	0	0	4	2	0	0	10	15	20	0	19	0	9	0	0	0	0	0	0	0	0	0	0	0	0	0	0	0	0	0	0	0	0	0	0	0	0	0	0	0	0	0	0	0	0	0	5	0	0	0	0	0	0	0	0	0	3	0	0	0	0	0
otu_00876	0	0	0	0	0	0	0	0	65	9	80	24	81	72	57	9	0	0	0	0	0	0	0	0	0	0	9	2	0	0	0	0	0	0	0	0	6	0	0	0	0	0	0	0	0	0	0	0	0	0	0	0	0	0	0	0	0	0	0	0	0	0	0	0
otu_01724	0	0	0	0	0	0	0	0	107	20	169	16	91	80	12	7	0	0	0	0	0	0	0	0	0	0	0	0	0	0	0	0	0	0	0	0	0	0	0	0	0	6	11	4	0	0	0	0	0	0	0	0	0	0	0	0	0	0	0	0	0	0	0	0
otu_00736	0	0	0	0	0	0	0	0	22	0	95	24	19	119	88	15	0	0	0	0	8	0	0	3	0	0	0	0	0	0	0	0	0	0	2	0	0	0	0	0	0	0	0	0	0	0	0	0	0	0	0	0	0	0	0	0	0	0	0	0	0	0	0	0
otu_01784	2	0	0	0	0	0	0	0	83	68	25	227	97	261	90	46	0	0	0	0	0	0	0	0	0	0	0	0	0	0	0	0	0	0	0	0	0	0	0	0	0	0	0	15	0	0	0	0	0	0	0	0	0	0	0	0	0	0	0	0	0	0	0	0
otu_00595	5	20	4	0	0	0	4	0	8	6	10	16	0	0	0	0	0	0	19	0	0	0	0	0	0	0	0	3	0	0	0	0	0	0	0	0	0	0	0	0	0	0	0	0	0	0	3	0	0	0	0	0	0	0	0	0	0	0	0	5	0	0	0	0
otu_00482	0	0	0	0	0	0	0	0	8	60	50	73	63	111	23	9	0	0	0	0	0	0	0	0	0	0	0	3	0	0	0	0	0	0	0	0	0	0	0	0	0	0	0	0	0	0	0	0	0	0	0	0	0	0	0	0	0	0	0	0	0	0	0	0
otu_00082	0	0	0	0	0	0	0	0	24	51	90	188	21	151	29	4	0	0	0	0	0	0	0	0	0	0	0	0	0	0	0	0	0	0	0	0	0	0	0	0	0	0	0	0	0	0	0	0	0	0	0	0	0	0	0	0	0	0	0	0	0	0	0	0
otu_01775	255	1	13	279	239	10	102	4	0	0	0	0	0	0	0	0	0	0	0	0	11	0	0	3	0	0	17	2	3	56	8	3	0	0	0	0	0	0	0	0	7	0	0	0	0	12	8	0	0	0	0	0	0	0	4	0	0	0	0	0	0	0	0	0
otu_00429	0	0	13	3	0	22	0	30	6	6	10	8	6	48	17	5	26	0	28	6	8	27	42	10	3	0	0	0	3	2	3	0	0	0	0	0	0	0	0	0	0	0	0	0	0	0	5	0	0	0	0	0	0	3	0	0	0	0	0	0	0	0	0	0
otu_00431	6	2	162	87	10	44	7	23	4	26	40	323	19	48	9	0	4	6	19	13	11	8	23	23	3	0	7	0	0	0	3	0	2	325	2	17	0	0	0	0	31	53	58	31	25	95	54	106	0	0	3	2	0	10	5	0	0	0	0	3	0	0	0	0
otu_00432	0	0	0	0	0	0	0	0	40	91	169	185	97	301	74	17	8	3	0	7	8	0	3	0	0	2	0	5	5	4	3	0	0	0	0	0	0	0	0	0	0	0	0	4	0	0	0	0	0	0	0	0	5	0	0	0	0	2	0	0	0	0	0	0
otu_01760	3	26	7	11	8	0	0	0	0	0	0	0	11	0	6	0	6	18	22	55	9	3	49	28	3	2	5	0	0	0	0	0	0	0	0	0	0	0	0	0	0	0	0	0	0	0	0	0	0	0	0	0	0	0	0	0	0	0	0	0	0	0	0	0
otu_01735	0	1	2	12	0	4	2	0	0	6	0	8	0	0	6	0	0	5	14	0	3	5	0	8	0	25	0	3	3	3	0	14	0	0	0	0	0	0	0	2	7	17	7	0	0	9	0	0	0	0	0	0	0	0	0	0	0	2	2	0	4	0	0	0
otu_00941	26	57	12	14	24	64	34	28	0	0	0	0	24	24	6	5	13	17	14	92	824	112	46	45	7	0	4	69	5	5	3	3	0	0	0	0	0	0	0	0	0	0	0	0	3	10	10	0	9	685	6	98	1741	32	50	263	0	2	6	5	0	13	0	0
otu_01653	3	4	2	3	2	6	2	12	0	0	0	16	19	56	15	4	6	0	0	0	5	2	14	5	0	0	0	2	0	0	0	3	0	0	0	0	0	0	0	0	0	0	5	0	0	0	0	0	2	13	0	0	7	7	0	11	2	152	5	11	7	4	8	0
otu_00964	2	0	2	7	4	0	0	3	4	6	10	8	21	16	12	0	6	39	3	26	77	4	45	13	0	2	4	0	0	2	0	6	0	0	0	0	0	0	0	0	0	0	0	4	0	0	0	0	0	0	0	0	0	0	0	0	0	0	0	0	0	0	0	0
otu_00984	4	13	0	38	25	3	0	22	4	6	10	27	6	80	6	0	0	8	0	7	36	2	10	35	0	2	0	0	0	2	0	3	0	0	0	0	0	0	0	0	0	0	0	0	0	10	0	0	0	0	0	0	0	3	0	0	0	0	27	0	0	5	0	0
otu_01757	3	1	2	11	5	26	2	18	8	29	55	20	21	32	12	4	4	20	0	23	74	3	44	10	3	6	0	2	3	8	3	5	0	0	0	0	0	0	0	0	0	0	0	0	0	4	15	0	0	0	3	0	15	6	0	0	0	0	0	0	0	0	0	0
otu_01005	9	2	10	18	3	142	2	54	12	63	45	169	37	48	15	4	0	3	4	6	20	3	23	3	0	3	4	0	3	2	0	0	0	0	4	25	0	0	0	2	68	44	29	17	16	33	217	59	0	0	0	3	7	6	8	3	0	2	6	0	0	4	0	0
otu_00985	2	0	4	3	9	30	0	4	0	0	0	8	6	0	0	0	0	0	5	3	0	0	3	0	0	0	4	0	0	2	0	3	0	0	0	0	0	0	0	0	25	0	0	5	0	9	0	0	0	0	0	0	0	0	0	0	0	0	0	0	0	0	0	0
otu_01747	25	5	173	66	25	25	2	19	4	0	10	0	6	0	6	0	8	930	63	35	83	64	312	147	3	2	10	4	0	5	3	3	0	0	0	0	0	0	0	0	0	0	3	0	7	0	13	0	0	0	5	2	10	0	4	13	0	0	14	8	3	3	0	0
otu_01153	3	0	13	13	10	20	4	25	4	26	35	31	6	16	20	4	4	0	0	3	3	0	7	0	0	0	0	3	0	0	0	0	0	7	0	0	0	0	0	0	10	36	6	18	0	4	0	23	0	0	0	0	5	0	4	0	0	0	0	3	0	0	0	4
otu_01751	2	5	11	31	24	22	27	21	4	134	25	43	8	56	57	10	0	0	0	0	0	0	0	0	3	0	0	0	0	0	0	3	1	0	0	0	0	0	0	0	0	0	0	0	0	0	0	0	0	11	5	2	50	3	10	0	0	0	0	0	0	0	0	0
otu_00085	0	1	0	0	2	0	0	0	10	26	35	24	16	87	9	0	0	3	0	0	6	2	3	5	6	2	103	3	24	18	36	16	0	0	0	0	0	0	0	0	10	0	0	0	0	12	3	0	0	0	0	0	5	0	0	0	0	14	0	0	0	0	0	0
otu_00833	9	1	25	45	15	5	8	4	0	0	0	0	0	0	0	0	53	17	66	14	14	24	159	12	0	0	50	0	3	0	3	5	22	37	78	196	41	2	0	16	0	0	0	0	0	0	0	0	0	0	0	0	0	0	0	0	0	0	0	0	0	0	0	0
otu_01790	6	5	7	12	43	58	8	15	4	12	0	8	6	24	6	0	0	0	0	0	0	0	26	9	3	13	12	34	26	5	10	15	0	7	0	0	0	0	0	2	10	6	0	0	0	0	3	0	0	6	0	4	7	16	0	0	0	0	4	0	0	0	0	4
otu_00838	59	213	449	323	236	107	14	50	12	6	10	12	8	40	0	4	0	1401	49	230	142	42	42	28	10	13	71	49	31	27	19	17	0	0	0	0	0	0	0	0	7	6	0	0	0	0	0	0	0	9	18	0	33	0	4	10	9	1751	9	180	2	836	5	0
otu_01545	2	1	3	0	0	4	4	2	4	0	10	0	0	16	6	4	0	11	18	9	9	14	3	3	0	0	0	2	0	2	0	3	0	0	0	0	0	0	0	0	13	0	0	0	0	4	0	0	0	0	0	0	0	0	0	0	0	0	0	6	0	0	0	0
otu_01559	2	5	19	3	7	16	8	8	14	66	25	24	45	119	17	4	308	27	3354	41	20	39	46	32	10	2	4	8	0	5	9	10	0	0	0	0	0	0	0	0	0	0	0	4	0	0	5	0	0	4	0	0	7	0	0	4	9	132	5	4	3	13	0	0
otu_00018	0	2	0	0	3	7	2	10	4	0	10	20	0	0	0	0	0	5	4	10	3	2	7	3	0	0	0	3	0	0	0	0	0	0	0	0	0	0	0	0	158	0	0	0	0	0	0	4	0	0	0	0	0	0	0	0	0	0	0	0	0	0	0	0
otu_00024	16	17	3	13	26	19	13	27	4	6	10	16	8	16	0	4	24	3	0	0	5	2	21	12	15	11	68	37	45	32	33	34	0	27	7	0	6	0	0	2	0	0	0	0	0	10	6	0	0	0	4	3	0	7	4	6	2	9	0	3	3	33	6	0
otu_01804	3	8	2	3	2	2	9	11	0	6	10	0	0	0	0	0	0	0	0	0	3	3	0	3	5	11	4	8	4	11	3	6	0	7	6	0	6	0	0	2	0	0	0	0	0	0	0	0	2	11	11	16	0	0	0	22	0	0	0	6	0	0	0	0
otu_01673	35	2	116	0	8	0	0	0	0	0	0	0	0	0	0	0	0	11	59	9	9	0	12	32	0	0	0	2	3	2	0	3	0	0	0	0	0	0	0	0	0	0	0	0	0	0	0	0	0	4	0	0	0	0	0	6	0	0	0	0	0	0	0	0
otu_00577	0	0	2	11	3	2	2	0	12	29	15	16	26	48	9	4	0	0	0	0	0	2	5	5	3	3	4	2	4	13	3	25	0	0	0	0	0	0	0	0	10	0	0	0	0	5	0	18	0	0	0	0	0	4	0	0	0	0	0	0	0	0	0	0
otu_00582	8	18	6	11	4	2	6	8	0	0	0	0	0	0	0	0	33	21	19	27	50	16	41	46	19	32	20	13	16	26	33	25	1	0	6	13	0	0	0	2	13	0	0	0	3	33	5	0	0	0	0	0	0	0	0	0	0	10	3	0	0	2	0	0
otu_00585	14	2	59	3	4	0	2	2	4	6	10	12	0	32	0	4	0	12	4	0	0	0	6	8	0	6	4	0	3	2	0	3	0	0	0	0	0	0	0	0	0	0	0	0	0	0	0	0	0	0	0	0	0	4	0	0	0	0	0	0	0	0	0	0
otu_00589	2	3	6	3	3	31	2	8	4	0	0	0	6	0	0	0	0	0	0	5	3	3	3	3	0	6	0	0	0	0	3	4	0	0	0	0	0	0	0	0	0	0	0	4	0	0	0	0	0	0	0	0	0	0	0	0	0	0	0	0	0	0	0	0
otu_01610	134	139	7	9	25	7	2	4	4	0	10	8	0	0	0	0	0	11	3	6	11	2	3	19	3	2	4	9	0	3	0	0	3	7	0	9	0	0	0	0	0	0	0	0	0	0	20	0	46	4	0	5	0	6	16	16	0	3	0	0	0	25	0	0
otu_00724	0	1	0	11	8	0	4	36	0	0	10	8	16	16	0	0	0	3	0	0	9	15	3	298	0	0	7	6	3	6	5	6	0	0	0	0	0	0	0	2	0	0	0	0	0	0	0	0	0	0	0	0	0	0	0	0	0	0	5	0	0	0	0	0
otu_00730	2	0	2	12	7	12	2	13	38	40	75	31	19	190	99	5	0	0	25	0	3	0	0	0	0	0	0	0	0	0	0	0	0	0	0	0	0	0	0	0	0	0	5	0	0	0	0	0	0	0	0	0	5	0	0	0	0	0	2	0	0	0	0	0
otu_00732	0	0	0	0	0	4	0	6	0	6	0	0	0	0	6	0	4	0	0	0	0	4	5	26	0	0	0	3	0	2	0	93	0	0	0	0	0	0	0	4	0	0	0	0	4	7	0	0	0	0	0	0	0	0	0	0	0	0	0	0	0	0	0	0
otu_00753	0	0	0	0	0	19	0	0	16	12	40	70	21	16	12	4	0	12	10	7	32	8	7	83	3	0	5	2	7	4	4	3	1	0	7	13	15	0	0	4	0	6	0	0	0	0	0	0	0	0	0	0	0	0	0	0	0	0	0	0	0	0	0	0
otu_00775	15	0	7	0	8	15	4	3	87	117	55	20	89	743	394	59	0	0	0	3	0	0	0	0	4	0	4	2	0	0	0	0	0	0	0	0	0	0	0	0	0	0	3	0	0	0	0	0	0	0	0	0	0	0	0	0	0	0	0	0	0	0	0	0
otu_00779	0	0	7	0	0	0	0	3	20	6	30	39	11	103	17	7	0	30	46	3	14	7	13	5	0	0	0	0	0	2	0	0	0	0	0	0	0	0	0	0	0	0	0	0	0	0	0	0	0	0	0	0	0	0	0	0	3	2	0	3	0	0	0	0
otu_00781	2	0	0	0	2	0	0	0	0	9	0	0	6	16	6	7	0	0	0	0	0	0	0	93	0	0	12	10	0	0	0	5	0	0	0	0	0	0	0	0	0	0	0	0	0	0	0	0	0	0	0	0	0	0	0	0	0	0	0	3	0	0	0	0
otu_00789	0	0	0	0	0	0	0	0	32	49	45	39	32	103	62	9	0	0	0	0	3	6	10	133	20	9	178	30	18	22	15	454	0	0	0	0	0	0	0	19	7	6	0	17	3	4	3	0	0	0	0	0	0	0	0	0	0	0	0	7	0	0	0	0
otu_00820	0	1	4	8	10	2	6	21	75	43	318	58	125	317	96	28	243	3	162	312	84	128	138	87	7	2	303	28	3	9	5	33	12	144	117	224	88	0	35	0	10	0	0	10	23	10	0	0	0	0	0	0	0	0	0	0	7	4	3	6	0	2	0	0
otu_00795	2	5	7	16	26	10	6	34	36	0	50	8	32	103	17	9	19	169	21	9	20	10	53	30	0	0	0	5	0	2	0	6	0	0	0	0	0	0	5	0	72	11	0	9	3	35	22	25	0	0	0	0	0	0	0	0	9	13	3	6	0	7	0	0
otu_00796	2	0	2	0	2	2	2	7	0	6	90	8	6	16	6	0	92	12	25	39	45	65	31	30	17	25	23	13	31	10	10	11	2	17	12	9	21	0	0	5	13	0	0	5	6	18	5	3	0	0	0	0	0	0	0	0	3	24	4	0	0	6	0	0
otu_01572	2	0	0	9	20	15	6	47	22	32	20	50	11	32	26	4	0	0	0	0	0	0	0	5	7	0	0	2	3	2	3	5	0	0	0	0	0	0	0	0	0	9	0	12	0	0	0	0	0	0	0	0	0	0	0	0	0	4	0	0	0	0	0	0
otu_01675	2	1	4	0	2	213	2	68	0	6	0	27	0	0	0	0	4	0	15	0	3	2	3	6	45	2	36	8	9	4	11	7	0	0	4	0	0	0	0	0	0	0	0	0	0	0	16	98	0	0	0	0	0	4	0	0	0	0	2	4	0	0	0	0
otu_00254	3	0	4	6	3	2	6	11	22	23	100	96	21	143	17	18	0	0	0	3	0	0	12	5	8	15	39	49	112	32	11	37	0	0	0	0	0	0	0	0	0	0	0	0	0	0	0	7	0	0	0	0	0	0	0	0	0	0	3	5	0	0	0	0
otu_00266	0	0	0	4	3	0	2	0	8	23	25	50	11	40	15	5	0	3	0	3	3	2	0	6	0	3	18	10	19	10	3	18	0	0	0	0	0	0	0	0	0	6	0	4	0	0	0	4	0	0	0	0	4	0	0	3	0	0	0	0	0	0	0	0
otu_00296	6	1	11	11	8	0	3	8	4	0	0	0	0	0	0	0	4	14	3	0	0	2	3	6	0	2	0	3	3	5	3	6	0	0	0	9	0	0	0	0	0	0	0	0	0	0	0	0	0	0	0	0	0	0	0	0	0	0	4	0	0	0	0	7
otu_00311	15	0	0	4	9	9	4	5	0	0	0	0	0	0	0	0	4	17	18	88	36	7	106	83	8	27	71	91	47	124	32	115	0	0	0	0	0	0	0	7	0	0	7	0	0	0	6	0	0	0	0	2	0	0	0	0	0	0	7	9	0	2	0	0
otu_01854	3	7	29	0	7	16	0	0	4	0	0	0	0	0	0	0	0	3	18	0	5	6	3	79	0	2	0	4	0	5	0	0	0	0	0	0	0	0	0	0	0	0	0	0	0	0	0	0	0	0	0	0	4	0	0	0	0	0	0	4	0	0	0	0
otu_01699	0	1	2	4	4	9	3	22	4	6	20	43	11	16	17	4	4	8	5	3	3	6	13	3	0	0	0	0	3	2	0	0	0	0	0	0	9	0	0	0	0	9	16	0	0	0	0	0	0	0	0	0	0	0	0	0	0	0	0	0	0	0	0	0
otu_01740	2	7	8	0	20	9	2	0	40	9	80	85	19	80	15	49	0	5	4	0	0	7	10	16	4	2	4	5	0	2	3	3	0	0	0	0	0	0	0	0	0	0	14	0	0	0	0	0	0	0	0	0	0	0	0	0	0	0	2	0	0	0	0	0
otu_00277	0	0	0	0	0	6	2	0	24	15	40	58	24	214	12	5	0	0	0	0	6	4	3	22	18	7	41	41	20	28	14	70	0	0	0	0	0	0	0	2	0	0	0	0	0	0	0	11	0	0	0	0	0	0	0	0	0	0	8	0	0	0	0	0
otu_01670	297	10	362	13	16	10	76	12	0	0	0	0	0	0	6	0	0	6	11	0	3	3	5	6	0	0	4	2	3	2	7	3	1	0	0	0	0	0	0	0	0	6	0	0	0	0	0	0	0	0	0	0	0	0	0	0	0	0	3	0	0	0	0	0
otu_01730	27	2	94	0	20	0	22	0	65	0	15	31	13	16	6	5	0	0	11	0	8	3	0	6	0	0	4	3	7	2	5	6	0	0	0	0	0	0	0	0	0	0	0	0	0	0	0	0	0	0	0	0	0	0	0	0	0	0	14	0	0	0	0	0
otu_01643	4	1	2	9	3	7	4	6	0	6	15	8	6	24	0	9	0	5	0	0	0	0	0	3	3	4	21	9	26	7	4	12	0	0	0	0	0	0	0	0	0	0	0	0	0	0	0	0	0	0	0	0	0	0	0	0	0	0	0	0	0	0	0	0
otu_01774	0	0	0	0	0	4	2	4	16	6	15	20	21	56	23	4	0	0	0	0	0	2	0	3	4	13	109	24	179	12	19	19	0	0	0	0	0	0	0	0	0	0	0	0	0	0	0	0	0	0	0	0	0	0	0	0	0	0	0	0	0	0	0	3
otu_01257	0	0	0	0	0	4	2	11	0	0	0	0	6	0	0	0	0	0	3	5	0	0	3	6	7	2	42	0	41	48	3	14	0	0	0	0	0	0	0	0	0	0	0	0	0	0	0	0	0	0	0	0	0	0	4	0	0	0	0	0	0	0	0	0
otu_01719	2	3	4	17	29	16	23	15	0	0	10	8	0	0	0	0	6	3	4	10	0	2	0	0	20	0	0	3	0	0	0	0	0	0	0	0	0	0	0	0	0	0	0	0	0	0	0	28	0	0	0	0	0	0	0	0	0	0	0	0	0	0	0	0
otu_00006	2	1	2	7	0	14	4	4	4	0	0	8	6	0	0	0	0	0	0	0	0	2	0	0	0	0	0	2	0	2	0	0	0	0	0	0	0	0	0	0	0	0	0	0	0	0	3	3	0	0	0	2	0	0	0	3	0	6	0	0	3	0	0	0
otu_01665	331	19	567	24	34	20	29	3	4	0	0	0	6	0	6	0	0	3	0	0	0	2	0	0	3	0	5	4	0	2	3	0	0	0	0	0	0	0	0	0	0	0	0	0	0	0	3	0	0	0	6	0	10	0	0	15	0	0	0	4	0	2	0	0
otu_00903	0	1	3	0	8	5	4	0	0	9	10	12	13	16	6	4	0	3	0	3	36	2	14	8	3	0	0	4	0	0	0	0	0	0	0	0	0	0	0	0	0	0	0	4	0	0	0	0	0	21	0	5	11	4	0	17	2	0	47	17	0	5	0	0
otu_00664	9	3	2	0	2	31	2	0	4	6	0	0	0	0	6	4	0	0	0	0	0	0	3	3	3	0	5	9	3	3	3	7	0	0	0	0	0	0	0	2	7	0	0	10	3	0	0	0	18	6	2	2	5	3	19	8	0	15	27	9	0	2	17	5
otu_01205	2	3	2	36	21	4	168	0	4	0	15	8	19	0	0	0	0	0	0	0	0	0	3	0	0	0	4	3	4	8	9	3	1	0	0	0	0	0	0	2	7	14	4	9	7	4	5	0	37	44	0	0	4	4	4	6	0	0	0	0	0	0	0	0
otu_01203	0	3	2	16	18	10	128	6	4	12	15	8	37	16	0	0	0	0	0	3	0	2	13	0	0	2	0	2	0	2	5	0	2	0	0	0	0	1	0	0	0	6	4	4	0	0	5	0	49	7	0	3	5	0	4	3	0	0	0	0	0	2	0	3
otu_01849	26	23	76	0	65	10	2	12	0	0	0	0	0	0	0	0	0	0	0	0	0	0	0	3	3	0	5	2	7	2	5	0	1	11	3	29	0	1	0	2	0	0	27	4	6	7	34	13	57	51	0	0	0	71	42	11	2	0	32	31	0	3	3	21
otu_00011	2	3	3	4	3	40	4	0	0	0	0	12	6	0	0	4	6	0	3	5	0	2	0	0	3	0	5	8	0	0	3	3	1	0	0	0	0	0	0	0	7	14	3	10	0	5	5	0	15	14	0	6	4	23	5	10	2	2	3	0	0	0	0	0
otu_01226	51	11	88	55	97	56	18	8	0	0	10	0	6	0	0	0	13	24	19	0	9	10	3	5	6	0	0	6	0	2	0	0	0	0	0	0	0	0	0	0	10	0	3	0	0	12	0	0	36	40	325	326	119	604	49	13	19	56	48	232	5	22	228	141
otu_00013	0	2	2	0	2	2	3	2	0	6	10	12	0	16	6	0	0	0	3	6	0	4	10	0	255	0	4	4	4	5	0	3	0	0	0	0	6	0	0	0	0	9	5	4	0	4	3	6	38	0	0	4	5	3	10	0	0	0	2	3	0	0	3	0
otu_00670	3	17	3	16	6	28	8	18	4	0	0	0	0	24	15	4	4	3	0	0	0	0	5	6	3	0	4	2	0	2	3	0	0	0	0	0	0	0	0	0	7	0	0	0	6	0	3	0	15	780	210	39	401	60	208	727	2	6	12	20	0	2	15	11
otu_01039	0	0	3	8	2	22	2	11	6	6	30	0	13	0	6	4	0	5	6	0	0	2	5	0	0	0	0	2	0	2	0	3	0	7	2	9	6	0	0	0	0	11	6	4	0	4	6	3	57	4	0	2	0	6	11	0	0	0	3	3	0	0	0	3
otu_00360	4	1	7	7	7	9	2	6	4	6	15	0	6	16	9	0	0	3	0	0	3	2	5	3	0	2	9	0	0	0	0	3	1	7	0	9	0	0	0	0	0	50	79	63	14	9	13	10	0	0	6	2	7	15	8	11	0	0	10	0	2	0	0	9
otu_00195	0	1	2	4	8	3	24	11	4	0	15	0	24	16	6	0	0	0	4	0	0	2	0	3	6	4	0	18	0	13	3	3	0	205	5	13	9	1	5	2	0	0	0	0	0	0	0	0	9	6	11	7	4	3	4	22	4	2	4	3	28	26	3	0
otu_01444	2	4	2	4	19	67	14	3	4	6	0	0	8	16	6	4	0	25	0	0	3	4	5	0	0	2	0	0	3	2	0	3	0	0	0	0	0	1	0	0	31	0	0	5	6	4	5	7	45	4	0	2	30	3	76	10	0	6	4	13	0	17	257	44
otu_01698	5	1	5	17	2	16	2	2	0	0	15	27	6	16	6	5	0	5	0	7	3	2	0	3	10	0	0	0	0	0	3	0	1	7	2	9	6	0	0	2	0	44	20	23	0	4	17	0	2	21	21	24	41	33	21	24	2	0	2	5	0	0	0	0
otu_01204	2	3	8	36	49	17	290	18	10	6	0	0	71	0	6	4	0	0	0	6	3	4	320	0	3	3	0	4	0	2	4	3	1	0	0	0	0	0	0	0	7	22	3	4	3	4	15	0	170	4	2	3	4	0	19	10	0	2	0	4	0	0	0	0
otu_00857	9	3	26	22	8	7	2	4	4	6	0	12	0	0	6	4	0	30	9	24	14	6	21	25	0	0	4	0	0	2	0	0	0	0	0	0	0	1	0	0	7	6	6	0	4	4	3	3	2	4	30	41	15	66	8	3	2	12	28	8	0	4	12	3
otu_00010	2	0	2	3	2	0	4	0	18	6	333	12	99	40	15	4	0	5	11	10	3	0	0	0	3	0	0	2	7	6	0	0	0	14	8	9	0	0	5	2	0	36	18	21	12	10	16	16	20	4	0	2	4	0	4	3	0	2	2	4	0	0	0	0
otu_01579	5	1	12	28	11	514	2	151	4	6	0	24	11	0	0	0	11	0	0	0	3	0	0	18	0	4	29	30	8	14	4	47	0	0	4	9	0	0	0	2	140	0	6	5	11	134	6	207	0	0	6	7	5	11	5	24	0	2	9	6	2	0	0	5
otu_00417	2	13	2	28	20	27	5	6	0	0	0	0	6	0	6	0	0	5	0	0	0	2	13	0	8	2	5	4	4	4	4	6	0	7	0	0	6	0	0	0	7	11	31	58	0	4	15	0	3	7	2	2	10	10	16	4	2	9	137	62	0	0	6	3
otu_00875	22	7	131	0	2	7	0	4	14	12	15	0	8	32	6	0	4	17	85	9	29	81	7	15	0	2	4	3	8	0	3	0	0	0	0	0	0	0	0	2	7	0	4	0	3	5	3	3	3	6	50	60	4	99	7	8	2	11	0	12	0	4	6	20
otu_00186	2	2	2	16	11	6	2	13	4	0	0	0	0	0	0	4	6	0	3	5	8	2	7	8	6	3	4	3	3	0	0	9	1	14	11	9	12	0	0	0	0	6	0	0	0	4	0	0	0	28	7	8	7	7	13	39	0	0	9	150	0	0	0	5
otu_01794	6	8	23	69	20	283	9	174	50	97	149	265	94	80	31	0	0	3	5	0	5	2	7	3	3	0	5	0	3	0	0	0	3	7	5	13	6	0	0	2	201	44	125	65	102	84	85	204	0	0	0	0	0	0	0	4	0	2	9	6	3	0	3	5
otu_00574	3	10	35	120	10	7	3	20	8	12	40	62	21	40	12	5	0	0	0	0	0	2	3	0	9	2	12	0	7	162	0	5	1	11	2	0	0	0	7	0	13	58	42	36	14	33	64	42	0	18	5	11	8	14	4	6	0	2	0	0	0	2	3	3
otu_01795	2	4	4	4	48	79	4	0	6	6	10	8	11	16	6	4	0	0	0	21	14	0	3	0	9	2	0	3	3	9	5	0	0	0	0	9	6	0	0	0	16	160	73	101	18	97	86	16	2536	4	0	21	60	65	1874	15	0	2	9	13	0	0	4	3
otu_01680	15	21	32	6	12	14	209	15	4	0	0	0	8	0	6	0	4	0	3	0	0	0	3	5	7	15	10	185	3	4	0	5	1	0	2	0	0	0	0	2	0	0	0	0	3	15	8	3	12	501	147	134	61	24	107	347	3	2	24	124	3	15	4	3
otu_00005	3	21	5	13	13	17	23	5	0	0	0	8	6	0	0	10	33	9	273	3	0	2	6	3	3	3	0	2	4	0	7	3	1	11	0	0	0	0	0	0	0	6	8	15	6	4	13	5	21	52	2	10	8	12	16	19	0	5	3	3	0	2	0	3
otu_01785	6	3	0	3	5	2	43	27	4	12	10	8	8	24	6	4	119	50	3	6	3	2	5	5	3	53	55	2	5	2	3	4	1	0	2	0	0	0	0	0	10	6	0	0	3	0	5	3	0	23	69	24	60	10	10	80	3	0	2	15	2	2	24	10
otu_01662	10	6	2	3	51	22	2	11	6	6	25	8	21	24	15	4	4	932	42	41	47	26	84	59	0	0	0	2	3	2	0	0	2	0	0	0	0	0	0	0	10	6	3	12	4	12	10	14	2	20	2	4	108	4	7	22	0	3	32	37	2	2	0	3
otu_01187	3	14	10	110	95	30	479	12	6	6	65	8	68	0	0	0	0	0	3	16	3	0	3	3	3	16	4	3	8	187	3	3	3	7	2	9	0	0	5	0	7	36	41	37	12	7	15	13	95	6	0	7	7	7	36	11	0	0	3	3	0	2	0	0
otu_00667	4	5	7	3	73	60	4	10	6	6	30	8	11	16	6	4	0	0	0	16	14	0	6	0	7	2	4	7	3	7	5	3	0	0	0	0	6	0	0	0	10	110	64	89	15	85	75	18	1910	40	9	14	38	84	1643	107	0	0	9	24	0	3	5	8
otu_00799	0	7	0	3	2	18	8	14	10	6	10	12	6	32	15	33	90	50	78	21	89	2	70	32	0	4	31	15	4	0	3	4	0	0	0	9	0	0	0	2	96	0	3	5	18	66	12	6	287	4	7691	5862	4	6547	11	7	3	195	0	23	2	44	6	0
otu_01549	4	1	2	0	2	281	6	544	18	29	50	8	21	40	9	0	13	324	68	32	45	22	23	22	0	4	15	5	3	14	8	3	1	0	0	0	0	1	0	2	7	6	3	10	0	0	0	0	0	13	11	23	13	11	14	21	2	14	21	12	2	2	3	8
otu_01668	10	2	0	7	4	0	4	5	4	0	0	0	0	0	0	4	4	0	0	5	3	0	5	28	14	9	10	13	8	23	16	25	2	61	16	37	76	1	7	9	44	36	130	23	39	36	168	79	0	0	4	0	5	6	0	7	2	2	13	51	5	5	6	22
otu_00745	0	0	0	4	2	44	2	315	0	0	10	8	24	48	31	288	1774	264	159	197	71	3052	1070	107	10	3976	137	21	20	27	16	304	1	34	28	74	38	1	9	22	44	11	8	17	35	585	149	55	0	0	0	0	0	3	4	3	0	3	12	4	2	2	0	0
otu_00738	0	0	2	7	4	16	0	3	3925	4341	347	507	154	396	329	1037	39	8	17	69	29	27	26	103	3	9	28	16	18	8	9	6	9	328	119	379	377	2	90	10	7	94	107	97	0	4	6	3	0	11	4	0	13	14	11	8	0	0	4	5	2	0	0	0
otu_01034	2	4	6	8	18	163	14	23	34	20	645	8	21	0	12	4	0	8	9	0	3	0	6	0	5	0	5	5	4	0	3	6	4	14	2	21	9	1	5	2	7	6	17	15	3	17	30	9	554	9	0	19	18	23	213	13	0	2	11	20	2	5	3	0
otu_01679	0	3	14	6	85	38	4	62	8	49	55	58	29	16	12	5	37	36	9	20	9	4	35	5	14	9	26	24	19	25	17	16	1	14	23	9	0	1	5	4	7	0	0	10	0	0	13	0	2	6	6	11	49	7	4	10	0	3	7	4	2	0	0	7
otu_00823	0	2	0	0	9	7	3	24	87	51	699	453	161	767	228	75	11	36	9	20	41	38	34	72	3	2	7	5	3	2	3	6	2	358	21	25	30	1	0	4	13	11	6	7	3	4	9	4	0	4	0	0	4	0	4	0	2	2	2	3	59	3	6	0
otu_01040	6	4	2	24	34	334	15	21	32	23	1715	8	60	0	15	4	0	0	0	3	11	0	28	5	3	0	9	6	3	0	4	4	12	14	2	13	6	1	0	3	10	75	75	89	25	25	138	40	1301	18	3	35	78	58	792	64	0	2	14	39	2	3	3	4
otu_01548	2	2	176	24	12	91	3	79	24	23	55	127	11	56	59	4	4	5	12	37	5	4	31	15	6	2	108	17	25	33	4	8	1	14	6	13	6	0	5	3	152	64	35	53	14	22	59	70	0	4	6	12	4	3	7	0	2	2	18	31	2	0	0	4
otu_00786	2	2	5	217	109	181	65	624	182	63	164	204	76	190	138	356	39	11	37	23	12	35	14	80	9	2	10	3	3	0	3	8	8	238	80	147	287	2	64	6	0	66	70	101	0	7	0	0	0	35	3	2	10	3	13	3	0	2	5	12	9	3	0	3
otu_00828	0	1	3	8	14	2	4	35	46	77	134	902	60	111	1644	117	206	286	273	469	551	532	415	493	22	29	55	108	15	56	39	73	13	225	130	228	360	1	47	19	13	66	107	65	11	25	12	3	0	11	2	2	4	7	10	3	0	0	14	16	2	4	0	0
otu_01101	0	1	13	8	18	6	10	12	8	6	30	20	2474	32	6	0	33	6	33	30	32	29	39	3	14	7	12	2	0	2	0	8	8757	248	2051	184	304	5848	7745	5204	25	229	228	201	3746	67	17	63	101	1039	407	565	50	28	672	582	2	0	3	3	2	3	0	4
otu_01556	0	1	13	3	7	18	4	25	48	32	110	39	39	103	37	5	15	14	16	7	8	9	23	10	10	9	25	6	9	13	7	8	1	17	10	110	33	1	5	5	47	25	24	29	8	35	50	53	0	6	4	6	4	6	0	3	3	6	43	45	7	3	3	10
otu_01613	22	68	25	29	22	11	17	45	20	60	65	8	37	24	6	0	0	20	14	26	6	13	24	8	7	5	31	6	14	8	13	4	10	51	76	106	76	1	9	13	7	53	44	57	8	4	0	5	6	18	9	3	4	7	25	39	17	17	5	83	0	38	3	3
otu_01550	29	9	1411	17	42	440	27	1166	32	68	100	1167	52	80	172	4	10	22	103	51	14	29	30	40	7	2	204	32	199	50	26	40	2	21	3	17	18	1	0	3	813	50	72	68	15	41	22	23	2	16	2	13	18	19	5	19	2	8	21	17	2	5	0	7
otu_01546	22	7	132	79	35	1643	15	968	18	85	199	400	76	143	37	7	35	62	110	149	44	59	74	56	7	4	234	40	93	30	14	29	3	37	10	45	30	1	5	8	739	64	67	93	58	64	68	136	0	4	9	12	13	36	7	13	0	4	61	35	0	2	3	17
otu_00824	0	2	4	12	11	27	3	160	24	29	35	154	94	16	217	26	2389	323	1645	2413	2152	1852	1293	1736	648	1588	2478	1584	1038	476	739	2601	61	890	707	1664	1108	3	194	221	541	187	87	65	3015	750	2068	1319	0	6	2	0	5	3	7	3	5	24	105	102	29	24	8	66
otu_00189	30	13	26	42	37	10	16	25	756	12	10	58	2276	317	96	269	153	39	117	252	157	118	409	177	595	145	89	101	181	29	123	358	44	556	1620	375	328	6	45	49	44	124	34	103	8	45	16	9	4	28	16	6	4	3	24	19	3	20	45	69	8	170	0	15
otu_00191	138	178	208	36	58	44	126	43	93	49	90	39	748	198	12	7	10	27	28	24	27	28	35	26	82	10	61	33	76	11	31	27	284	435	407	436	713	4	149	78	28	907	450	789	18	18	64	13	62	75	12	4	49	10	95	17	5	12	78	76	22	109	0	8
otu_00794	3	27	10	8	19	36	0	243	42	32	40	16	6	48	15	4	3212	807	1815	2981	3378	2927	2650	835	284	839	1196	307	905	151	448	484	59	683	426	1005	599	5	120	74	226	212	147	153	68	419	124	47	5	37	2	4	18	6	16	3	10	8	45	20	13	98	3	7
otu_01152	69	33	138	222	112	578	56	388	111	261	541	1151	250	293	161	18	195	1606	330	475	238	175	391	114	7	4	79	8	18	17	5	12	7	221	45	131	112	2	22	14	4230	866	962	921	1686	3042	3913	4110	2	30	18	84	60	99	72	53	2	3	219	311	6	3	4	109
otu_00769	15	9	126	191	115	208	37	150	4116	4069	937	1516	395	1818	6200	8784	461	91	106	270	102	279	166	156	114	21	175	90	46	68	73	63	141	3563	1494	3678	5081	13	965	138	65	2256	2171	1996	23	71	30	31	2	202	49	30	144	83	123	133	2	2	38	60	6	3	4	9
otu_00162	7742	8465	822	5679	5470	1769	6822	3111	101	117	75	66	203	56	20	4	1047	549	570	1273	1613	855	572	3454	8658	4064	1522	5056	2643	7822	8858	4260	60	1071	3024	822	842	5	64	510	1335	83	155	169	248	3248	945	311	1029	141	6	73	710	125	1409	53	90	109	341	442	31	1211	22	51
